{"stats":{"minecraft:broken":{"minecraft:wooden_shovel":1,"minecraft:stone_axe":2,"minecraft:wooden_axe":1},"minecraft:custom":{"minecraft:mob_kills":20,"minecraft:interact_with_crafting_table":34,"minecraft:damage_dealt_resisted":2,"minecraft:leave_game":2,"minecraft:time_since_death":66737,"minecraft:sprint_one_cm":344112,"minecraft:walk_one_cm":1090541,"minecraft:damage_blocked_by_shield":480,"minecraft:drop":20,"minecraft:damage_dealt_absorbed":3,"minecraft:play_time":235691,"minecraft:deaths":5,"minecraft:sneak_time":2546,"minecraft:walk_under_water_one_cm":20835,"minecraft:jump":1223,"minecraft:walk_on_water_one_cm":54736,"minecraft:total_world_time":235691,"minecraft:interact_with_furnace":48,"minecraft:pot_flower":1,"minecraft:sleep_in_bed":7,"minecraft:time_since_rest":12290,"minecraft:waystone_activated":1,"minecraft:damage_taken":2141,"minecraft:damage_dealt":2205,"minecraft:swim_one_cm":4152,"minecraft:fly_one_cm":372977,"minecraft:open_chest":16,"minecraft:crouch_one_cm":4440,"minecraft:interact_with_smoker":3,"minecraft:fall_one_cm":8738},"minecraft:mined":{"biomesoplenty:desert_grass":49,"minecraft:allium":1,"minecraft:grass_block":172,"biomesoplenty:jacaranda_log":4,"biomesoplenty:lavender":2,"minecraft:andesite":5,"minecraft:moss_carpet":1,"cfm:oak_upgraded_fence":7,"minecraft:potted_dandelion":1,"minecraft:dirt_path":12,"biomesoplenty:jacaranda_door":2,"minecraft:stone":17,"biomesoplenty:wildflower":10,"minecraft:dandelion":1,"minecraft:rose_bush":1,"minecraft:tall_grass":17,"minecraft:copper_ore":8,"cold_sweat:icebox":1,"biomesoplenty:sprout":2,"biomesoplenty:huge_clover_petal":4,"minecraft:oak_planks":12,"minecraft:sugar_cane":9,"cfm:oak_chair":1,"minecraft:lilac":1,"minecraft:grass":229,"biomesoplenty:clover":1,"minecraft:oak_log":148,"minecraft:coal_ore":64,"minecraft:sand":16,"minecraft:dirt":29,"twilightforest:canopy_log":36,"biomesoplenty:redwood_wood":83,"minecraft:oak_leaves":47,"biomesoplenty:reed":1},"minecraft:crafted":{"minecraft:oak_planks":360,"minecraft:lightning_rod":1,"minecraft:cooked_mutton":6,"cfm:oak_blinds":2,"minecraft:stone_pickaxe":1,"cfm:oak_table":4,"biomesoplenty:jacaranda_door":3,"cold_sweat:sewing_table":1,"minecraft:magenta_dye":3,"minecraft:cooked_beef":7,"minecraft:wooden_shovel":3,"biomesoplenty:jacaranda_planks":32,"minecraft:cooked_porkchop":8,"alexsmobs:cooked_lobster_tail":1,"minecraft:crafting_table":2,"biomesoplenty:redwood_planks":76,"minecraft:wooden_pickaxe":1,"alexsmobs:boiled_emu_egg":2,"minecraft:copper_ingot":18,"minecraft:stone_axe":2,"minecraft:potion":17,"minecraft:stick":8,"minecraft:wooden_axe":1,"minecraft:oak_stairs":4,"minecraft:stone_sword":1,"cfm:oak_bedside_cabinet":2,"cfm:oak_upgraded_fence":24,"cfm:oak_chair":4},"minecraft:killed_by":{"minecraft:skeleton":1,"minecraft:zombie":2,"alexsmobs:grizzly_bear":1},"minecraft:picked_up":{"minecraft:mud":1,"minecraft:allium":1,"minecraft:flower_pot":1,"minecraft:potion":3,"minecraft:shield":1,"minecraft:string":2,"minecraft:moss_carpet":3,"minecraft:raw_copper":29,"cold_sweat:icebox":1,"minecraft:beef":15,"minecraft:iron_pickaxe":1,"biomesoplenty:redwood_wood":83,"biomesoplenty:wildflower":5,"minecraft:sugar_cane":14,"minecraft:birch_sapling":1,"minecraft:iron_boots":1,"minecraft:furnace":1,"minecraft:stick":40,"sophisticatedbackpacks:backpack":1,"minecraft:stone_sword":1,"biomesoplenty:jacaranda_log":10,"alexsmobs:emu_egg":2,"biomesoplenty:redwood_sapling":3,"minecraft:mutton":6,"minecraft:cobblestone":16,"alexsmobs:lobster_tail":2,"minecraft:white_wool":4,"biomesoplenty:lavender":2,"minecraft:lilac":1,"minecraft:cooked_beef":2,"minecraft:andesite":5,"minecraft:leather":4,"cfm:oak_chair":1,"biomesoplenty:jacaranda_door":2,"minecraft:magenta_dye":3,"minecraft:oak_log":140,"minecraft:dirt":179,"twilightforest:canopy_sapling":20,"minecraft:acacia_planks":10,"minecraft:apple":2,"minecraft:wheat_seeds":18,"artifacts:whoopee_cushion":1,"minecraft:glass_bottle":3,"minecraft:oak_planks":12,"minecraft:iron_sword":2,"minecraft:cooked_porkchop":1,"minecraft:dandelion":1,"minecraft:sand":16,"twilightforest:canopy_log":20,"cfm:oak_upgraded_fence":7,"minecraft:spider_eye":2,"minecraft:diamond":1,"waystones:waystone":1,"minecraft:oak_sapling":48,"minecraft:coal":64},"minecraft:used":{"minecraft:stone_sword":61,"minecraft:shield":13,"minecraft:iron_sword":3,"minecraft:wooden_shovel":115,"minecraft:dirt":142,"cfm:oak_blinds":2,"cfm:oak_table":4,"minecraft:wooden_axe":63,"cfm:oak_bedside_cabinet":2,"minecraft:oak_stairs":4,"alexsmobs:cooked_lobster_tail":1,"cold_sweat:icebox":1,"biomesoplenty:jacaranda_log":2,"minecraft:furnace":1,"minecraft:cooked_beef":3,"alexsmobs:boiled_emu_egg":1,"minecraft:cooked_mutton":4,"biomesoplenty:jacaranda_door":5,"minecraft:glass_bottle":37,"minecraft:stone_pickaxe":67,"minecraft:oak_planks":311,"minecraft:wooden_pickaxe":40,"biomesoplenty:lavender":1,"biomesoplenty:flowering_oak_sapling":1,"minecraft:crafting_table":1,"minecraft:lightning_rod":1,"cfm:oak_chair":5,"minecraft:oak_log":45,"waystones:waystone":1,"minecraft:flower_pot":1,"minecraft:apple":2,"cold_sweat:sewing_table":1,"minecraft:bread":1,"minecraft:iron_pickaxe":1,"cfm:oak_upgraded_fence":31,"minecraft:stone_axe":299,"minecraft:potion":34,"minecraft:cooked_porkchop":5,"minecraft:air":4},"minecraft:killed":{"alexsmobs:lobster":3,"minecraft:spider":2,"minecraft:sheep":4,"minecraft:zombie":3,"minecraft:cow":7},"minecraft:dropped":{"minecraft:iron_sword":1,"minecraft:wheat_seeds":15,"minecraft:oak_log":6,"minecraft:diamond":1,"minecraft:cooked_porkchop":4,"alexsmobs:boiled_emu_egg":1,"minecraft:leather":4,"minecraft:coal":67,"minecraft:dirt":2,"minecraft:potion":1,"sophisticatedbackpacks:jukebox_upgrade":1,"minecraft:string":6,"minecraft:white_wool":1,"minecraft:music_disc_blocks":1,"minecraft:cooked_mutton":2,"minecraft:magenta_dye":3}},"DataVersion":3465}