{"stats":{"minecraft:dropped":{"toughasnails:leaf_chestplate":3,"minecraft:stone_sword":1,"minecraft:glass_bottle":1,"biomesoplenty:mahogany_planks":5,"minecraft:shears":1,"minecraft:iron_leggings":1,"toughasnails:leaf_boots":1,"minecraft:bamboo":14,"artifacts:eternal_steak":1,"minecraft:potion":3,"toughasnails:leaf_helmet":1,"toughasnails:leaf_leggings":1},"minecraft:killed":{"minecraft:husk":1,"minecraft:spider":1,"minecraft:sheep":6},"minecraft:custom":{"minecraft:interact_with_furnace":6,"minecraft:mob_kills":9,"minecraft:interact_with_crafting_table":21,"minecraft:open_barrel":8,"minecraft:leave_game":3,"minecraft:time_since_death":58774,"minecraft:sleep_in_bed":5,"minecraft:climb_one_cm":2971,"minecraft:time_since_rest":59140,"minecraft:sprint_one_cm":373139,"minecraft:damage_taken":4035,"minecraft:walk_one_cm":771240,"minecraft:drop":16,"minecraft:damage_dealt":1552,"minecraft:swim_one_cm":20992,"minecraft:fly_one_cm":109130,"minecraft:open_chest":11,"minecraft:crouch_one_cm":3022,"minecraft:play_time":264736,"minecraft:deaths":10,"minecraft:sneak_time":1929,"minecraft:walk_under_water_one_cm":22068,"minecraft:boat_one_cm":100295,"minecraft:jump":2290,"minecraft:walk_on_water_one_cm":143227,"minecraft:total_world_time":264736,"minecraft:fall_one_cm":32502},"minecraft:used":{"biomesoplenty:mahogany_planks":1,"minecraft:water_bucket":6,"toughasnails:leaf_leggings":1,"minecraft:stone_sword":14,"minecraft:chest":1,"minecraft:wooden_pickaxe":13,"minecraft:glass_bottle":44,"minecraft:stone_pickaxe":79,"minecraft:oak_planks":60,"minecraft:bone_block":1,"minecraft:iron_sword":18,"artifacts:eternal_steak":2,"minecraft:grass":1,"minecraft:cooked_chicken":2,"minecraft:oak_leaves":3,"minecraft:torch":1,"minecraft:dirt":58,"minecraft:mutton":6,"minecraft:crafting_table":6,"minecraft:spider_eye":1,"minecraft:white_bed":3,"minecraft:shears":128,"minecraft:mud":1,"minecraft:apple":2,"minecraft:bread":13,"minecraft:gravel":3,"minecraft:golden_sword":20,"minecraft:cobblestone":52,"minecraft:potion":45,"minecraft:bucket":7,"minecraft:air":5,"minecraft:cooked_beef":3},"minecraft:killed_by":{"minecraft:husk":2,"minecraft:skeleton":1,"minecraft:creeper":1,"minecraft:spider":1,"artifacts:mimic":1,"minecraft:zombie":1},"minecraft:mined":{"minecraft:tuff":6,"minecraft:hanging_roots":1,"minecraft:jungle_leaves":18,"biomesoplenty:wildflower":2,"minecraft:crafting_table":1,"biomesoplenty:bush":1,"minecraft:grass_block":12,"minecraft:calcite":1,"biomesoplenty:mahogany_planks":1,"minecraft:cobblestone":4,"minecraft:spruce_leaves":2,"minecraft:sugar_cane":3,"biomesoplenty:dune_grass":1,"minecraft:mud":1,"biomesoplenty:toadstool":4,"biomesoplenty:mahogany_log":3,"minecraft:iron_ore":5,"minecraft:fire":1,"minecraft:orange_tulip":1,"minecraft:yellow_bed":1,"minecraft:peony":5,"biomesoplenty:sea_oats":3,"minecraft:grass":100,"minecraft:cocoa":1,"biomesoplenty:clover":1,"minecraft:oak_log":7,"minecraft:coal_ore":9,"minecraft:vine":1,"minecraft:gravel":16,"minecraft:dirt":24,"biomesoplenty:barley":12,"minecraft:bamboo":1,"minecraft:stone":54,"minecraft:fern":27,"minecraft:oak_leaves":130,"minecraft:deepslate":8},"minecraft:picked_up":{"minecraft:spruce_leaves":2,"minecraft:cocoa_beans":3,"minecraft:mud":1,"minecraft:crafting_table":2,"artifacts:eternal_steak":1,"minecraft:flint":7,"minecraft:potion":5,"minecraft:tuff":7,"minecraft:oak_log":23,"biomesoplenty:sea_oats":1,"biomesoplenty:dune_grass":1,"minecraft:golden_sword":1,"minecraft:yellow_bed":1,"minecraft:dirt":75,"minecraft:iron_leggings":1,"minecraft:orange_tulip":1,"minecraft:wheat_seeds":17,"minecraft:cobbled_deepslate":7,"minecraft:iron_ingot":8,"minecraft:jungle_sapling":1,"minecraft:stone_pickaxe":1,"minecraft:cooked_chicken":2,"minecraft:bamboo":28,"minecraft:calcite":1,"minecraft:glass_bottle":4,"minecraft:iron_pickaxe":1,"biomesoplenty:wildflower":2,"minecraft:sugar_cane":6,"minecraft:oak_planks":2,"biomesoplenty:mahogany_planks":1,"minecraft:furnace":1,"toughasnails:leaf_chestplate":2,"biomesoplenty:toadstool":4,"minecraft:raw_iron":5,"sophisticatedbackpacks:backpack":1,"minecraft:gravel":42,"minecraft:torch":1,"artifacts:cowboy_hat":1,"minecraft:white_bed":1,"minecraft:spider_eye":1,"biomesoplenty:mahogany_log":3,"minecraft:peony":5,"minecraft:shears":1,"minecraft:grass":1,"minecraft:bread":1,"biomesoplenty:barley":5,"minecraft:bone_block":1,"minecraft:mutton":9,"minecraft:coal":8,"minecraft:oak_leaves":104,"minecraft:white_wool":10,"minecraft:cobblestone":61},"minecraft:broken":{"toughasnails:leaf_leggings":1,"toughasnails:leaf_boots":2,"toughasnails:leaf_chestplate":1,"toughasnails:leaf_helmet":2},"minecraft:crafted":{"minecraft:cooked_beef":6,"toughasnails:leaf_boots":4,"minecraft:oak_planks":92,"minecraft:crafting_table":4,"toughasnails:leaf_chestplate":4,"biomesoplenty:mahogany_planks":12,"minecraft:wooden_pickaxe":1,"minecraft:iron_sword":1,"toughasnails:leaf_leggings":4,"toughasnails:wool_boots":1,"minecraft:iron_boots":1,"minecraft:iron_chestplate":1,"minecraft:iron_axe":1,"minecraft:stick":4,"minecraft:chest":1,"minecraft:stone_sword":1,"toughasnails:leaf_helmet":4,"minecraft:white_bed":2,"minecraft:shears":1,"sophisticatedbackpacks:iron_backpack":1}},"DataVersion":3465}