{"stats":{"minecraft:mined":{"biomesoplenty:mossy_black_sand":5,"minecraft:jungle_leaves":7,"twilightforest:oak_banister":3,"minecraft:granite":38,"minecraft:grass_block":277,"minecraft:jungle_log":9,"biomesoplenty:cattail":2,"minecraft:oak_wall_sign":1,"minecraft:spawner":2,"minecraft:raw_iron_block":1,"minecraft:magma_block":25,"minecraft:iron_ore":3,"minecraft:cobbled_deepslate":39,"biomesoplenty:lavender":2,"minecraft:moss_carpet":1,"minecraft:potted_dandelion":1,"minecraft:pointed_dripstone":1,"biomesoplenty:webbing":1,"minecraft:dirt_path":20,"minecraft:oak_stairs":7,"minecraft:potted_orange_tulip":1,"minecraft:green_bed":1,"minecraft:deepslate_redstone_ore":4,"minecraft:brown_mushroom":3,"minecraft:deepslate_brick_wall":1,"biomesoplenty:wildflower":11,"minecraft:clay":2,"twilightforest:torchberry_plant":1,"minecraft:torch":2,"minecraft:calcite":5,"minecraft:poppy":1,"minecraft:melon":22,"minecraft:mushroom_stem":6,"minecraft:cobblestone":35,"cold_sweat:icebox":1,"minecraft:sugar_cane":9,"minecraft:oak_planks":56,"minecraft:wall_torch":2,"minecraft:seagrass":1,"minecraft:birch_log":6,"minecraft:wheat":7,"minecraft:lilac":1,"twilightforest:root":1,"minecraft:grass":332,"biomesoplenty:clover":4,"minecraft:oak_log":229,"minecraft:sand":68,"minecraft:dirt":144,"minecraft:smooth_basalt":5,"twilightforest:canopy_log":37,"minecraft:netherrack":16,"minecraft:oak_leaves":64,"minecraft:deepslate":792,"biomesoplenty:reed":1,"twilightforest:firefly":8,"minecraft:diamond_ore":1,"minecraft:red_carpet":2,"minecraft:tuff":69,"minecraft:mossy_cobblestone":1,"minecraft:deepslate_diamond_ore":21,"biomesoplenty:desert_grass":61,"minecraft:dark_oak_log":10,"minecraft:allium":1,"minecraft:red_mushroom":1,"minecraft:rooted_dirt":1,"minecraft:hay_block":2,"biomesoplenty:jacaranda_log":35,"minecraft:redstone_ore":13,"cfm:oak_crate":2,"minecraft:furnace":5,"cfm:oak_table":4,"minecraft:andesite":62,"biomesoplenty:sea_oats":1,"cfm:oak_upgraded_fence":7,"minecraft:deepslate_iron_ore":21,"minecraft:vine":6,"cfm:door_mat":2,"biomesoplenty:jacaranda_door":2,"cfm:white_sofa":1,"minecraft:stone":432,"minecraft:podzol":2,"minecraft:oak_slab":1,"twilightforest:root_strand":3,"biomesoplenty:orange_sand":1,"minecraft:brown_carpet":1,"biomesoplenty:black_sand":8,"minecraft:dandelion":1,"minecraft:oak_fence":2,"minecraft:crafting_table":5,"minecraft:rose_bush":1,"minecraft:copper_ore":8,"minecraft:tall_grass":33,"minecraft:deepslate_gold_ore":7,"biomesoplenty:sprout":2,"biomesoplenty:huge_clover_petal":4,"biomesoplenty:willow_log":30,"twilightforest:mayapple":5,"minecraft:diorite":77,"minecraft:coarse_dirt":4,"cfm:oak_chair":5,"minecraft:spruce_log":10,"minecraft:coal_ore":169,"minecraft:mycelium":1,"minecraft:cocoa":2,"minecraft:gravel":51,"biomesoplenty:stringy_cobweb":1,"minecraft:cobweb":8,"minecraft:stone_bricks":6,"minecraft:polished_andesite":1,"minecraft:mossy_stone_bricks":2,"minecraft:gold_ore":1,"biomesoplenty:redwood_wood":83,"minecraft:fern":14},"minecraft:broken":{"minecraft:wooden_shovel":1,"minecraft:iron_boots":1,"minecraft:stone_pickaxe":4,"minecraft:stone_axe":3,"minecraft:iron_sword":2,"minecraft:wooden_axe":1,"minecraft:iron_pickaxe":5,"minecraft:iron_helmet":1},"minecraft:dropped":{"minecraft:iron_sword":1,"minecraft:brown_mushroom":1,"minecraft:oak_log":38,"minecraft:glass_bottle":1,"minecraft:diamond":1,"minecraft:cooked_porkchop":4,"minecraft:leather":4,"minecraft:red_mushroom":2,"minecraft:flint":1,"minecraft:dirt":6,"cfm:oak_mail_box":1,"twilightforest:firefly":1,"minecraft:sand":38,"minecraft:iron_pickaxe":1,"minecraft:white_wool":3,"minecraft:bone":7,"minecraft:gold_ingot":1,"minecraft:music_disc_blocks":1,"minecraft:gravel":4,"alexsmobs:centipede_leg":2,"minecraft:stone_axe":1,"minecraft:cobbled_deepslate":144,"minecraft:birch_sapling":1,"minecraft:wheat":1,"minecraft:pointed_dripstone":2,"artifacts:villager_hat":1,"minecraft:cooked_mutton":4,"twilightforest:torchberries":2,"minecraft:melon_seeds":1,"biomesoplenty:wildflower":3,"minecraft:arrow":2,"minecraft:written_book":1,"minecraft:bread":1,"minecraft:wheat_seeds":33,"minecraft:deepslate_brick_wall":1,"alexsmobs:boiled_emu_egg":1,"minecraft:feather":4,"minecraft:cobblestone":71,"twilightforest:canopy_log":3,"minecraft:coal":67,"minecraft:polished_andesite":2,"biomesoplenty:orange_sand":1,"minecraft:gray_wool":1,"minecraft:golden_carrot":11,"minecraft:torch":9,"minecraft:melon_slice":42,"minecraft:potion":4,"minecraft:mud":2,"sophisticatedbackpacks:jukebox_upgrade":1,"minecraft:string":25,"cold_sweat:thermometer":1,"minecraft:lily_pad":1,"minecraft:tuff":5,"minecraft:stone_shovel":1,"minecraft:raw_iron":3,"minecraft:stripped_oak_log":1,"sophisticatedbackpacks:backpack":1,"artifacts:running_shoes":1,"minecraft:oak_sapling":6,"minecraft:wooden_shovel":3,"minecraft:spider_eye":5,"minecraft:brown_carpet":1,"minecraft:magenta_dye":3,"minecraft:stone_pickaxe":1,"minecraft:calcite":2,"minecraft:magma_block":7},"minecraft:killed":{"alexsmobs:lobster":3,"minecraft:cave_spider":3,"minecraft:spider":9,"minecraft:skeleton":11,"minecraft:chicken":2,"artifacts:mimic":2,"minecraft:pig":5,"minecraft:creeper":1,"minecraft:sheep":9,"minecraft:pillager":5,"minecraft:zombie":44,"minecraft:cow":21,"minecraft:vindicator":4,"twilightforest:hedge_spider":3,"twilightforest:kobold":2,"alexsmobs:crow":1,"twilightforest:bighorn_sheep":2},"minecraft:crafted":{"minecraft:oak_planks":924,"minecraft:oak_sign":3,"minecraft:lightning_rod":1,"minecraft:cooked_mutton":16,"minecraft:iron_boots":1,"cfm:white_sofa":2,"cfm:oak_blinds":2,"minecraft:melon_seeds":1,"minecraft:chest":20,"cold_sweat:sewing_table":1,"minecraft:stone_hoe":1,"minecraft:magenta_dye":5,"minecraft:oak_fence":21,"minecraft:oak_slab":108,"minecraft:wooden_shovel":3,"minecraft:emerald":1,"biomesoplenty:jacaranda_planks":44,"minecraft:cooked_porkchop":13,"minecraft:crafting_table":7,"minecraft:wooden_pickaxe":1,"minecraft:iron_helmet":2,"cfm:oak_mail_box":2,"minecraft:copper_ingot":18,"minecraft:birch_planks":24,"minecraft:iron_chestplate":2,"minecraft:stick":44,"minecraft:iron_ingot":35,"minecraft:iron_pickaxe":4,"minecraft:stone_sword":1,"minecraft:gold_ingot":3,"minecraft:stone_shovel":1,"minecraft:fishing_rod":1,"minecraft:furnace":3,"minecraft:stone_pickaxe":5,"cfm:oak_crate":4,"cfm:oak_table":4,"biomesoplenty:jacaranda_door":3,"minecraft:cooked_beef":34,"cfm:door_mat":1,"alexsmobs:cooked_lobster_tail":1,"biomesoplenty:redwood_planks":76,"twilightforest:oak_banister":3,"minecraft:iron_sword":2,"alexsmobs:boiled_emu_egg":2,"minecraft:bucket":1,"minecraft:stone_axe":5,"minecraft:jungle_planks":4,"cold_sweat:thermometer":1,"minecraft:oak_boat":1,"minecraft:oak_fence_gate":1,"minecraft:potion":118,"minecraft:wooden_axe":1,"minecraft:oak_stairs":12,"cfm:oak_bedside_cabinet":2,"minecraft:iron_leggings":2,"cfm:oak_upgraded_fence":36,"cfm:oak_chair":4,"minecraft:torch":140},"minecraft:custom":{"minecraft:interact_with_crafting_table":126,"minecraft:open_barrel":5,"minecraft:leave_game":8,"minecraft:time_since_death":41935,"minecraft:sprint_one_cm":1862203,"minecraft:damage_blocked_by_shield":1520,"minecraft:drop":128,"minecraft:talked_to_villager":10,"minecraft:play_time":1094448,"minecraft:deaths":21,"minecraft:jump":5215,"minecraft:interact_with_brewingstand":2,"minecraft:walk_on_water_one_cm":224953,"minecraft:interact_with_furnace":161,"minecraft:traded_with_villager":1,"minecraft:sleep_in_bed":23,"minecraft:waystone_activated":10,"minecraft:damage_dealt":22104,"minecraft:player_kills":1,"minecraft:crouch_one_cm":12607,"minecraft:interact_with_smoker":6,"minecraft:horse_one_cm":8,"minecraft:interact_with_smithing_table":2,"minecraft:mob_kills":129,"minecraft:interact_with_campfire":34,"minecraft:damage_dealt_resisted":152,"minecraft:climb_one_cm":21885,"minecraft:walk_one_cm":3964091,"minecraft:damage_dealt_absorbed":84,"minecraft:sneak_time":11869,"minecraft:walk_under_water_one_cm":68097,"minecraft:boat_one_cm":333249,"minecraft:interact_with_blast_furnace":4,"minecraft:total_world_time":1094448,"minecraft:pot_flower":1,"minecraft:time_since_rest":42012,"minecraft:damage_taken":11968,"minecraft:swim_one_cm":48868,"minecraft:fly_one_cm":3814805,"minecraft:open_chest":105,"minecraft:fish_caught":5,"minecraft:fall_one_cm":122508},"minecraft:used":{"cfm:oak_mail_box":1,"minecraft:oak_sign":5,"minecraft:chest":18,"minecraft:shield":38,"minecraft:iron_sword":483,"twilightforest:canopy_sapling":2,"cfm:oak_blinds":2,"minecraft:tuff":4,"cfm:door_mat":3,"alexsmobs:cooked_lobster_tail":1,"biomesoplenty:jacaranda_sapling":1,"minecraft:magma_block":21,"minecraft:written_book":1,"minecraft:oak_sapling":24,"minecraft:furnace":9,"minecraft:egg":1,"minecraft:potato":6,"twilightforest:oak_banister":6,"minecraft:dark_oak_sapling":4,"minecraft:oak_planks":594,"minecraft:stone_pickaxe":654,"minecraft:wooden_pickaxe":40,"biomesoplenty:lavender":1,"biomesoplenty:flowering_oak_sapling":1,"biomesoplenty:willow_sapling":7,"minecraft:lightning_rod":1,"cfm:oak_chair":7,"waystones:waystone":8,"minecraft:melon_slice":59,"cold_sweat:sewing_table":1,"minecraft:bread":5,"cfm:oak_upgraded_fence":34,"minecraft:oak_boat":1,"minecraft:air":8,"minecraft:coarse_dirt":3,"minecraft:bone_meal":1,"minecraft:oak_fence":21,"minecraft:stone_sword":151,"minecraft:stone_shovel":100,"minecraft:wooden_shovel":115,"minecraft:stone_hoe":1,"minecraft:torch":128,"minecraft:dirt":466,"minecraft:granite":27,"minecraft:oak_fence_gate":1,"minecraft:wooden_axe":63,"cfm:oak_table":5,"cfm:oak_bedside_cabinet":2,"cfm:oak_crate":5,"minecraft:oak_stairs":19,"minecraft:rooted_dirt":2,"cold_sweat:icebox":1,"biomesoplenty:jacaranda_log":2,"minecraft:cooked_beef":37,"minecraft:cobbled_deepslate":116,"alexsmobs:boiled_emu_egg":1,"minecraft:cooked_mutton":12,"biomesoplenty:jacaranda_door":5,"minecraft:water_bucket":21,"minecraft:rabbit":1,"minecraft:glass_bottle":122,"minecraft:baked_potato":5,"minecraft:green_bed":1,"minecraft:oak_slab":107,"minecraft:crafting_table":10,"twilightforest:canopy_log":2,"minecraft:cod":1,"minecraft:oak_log":53,"alexsmobs:mudskipper_bucket":2,"minecraft:flower_pot":1,"minecraft:apple":3,"twilightforest:firefly":8,"cfm:white_sofa":3,"minecraft:chicken":2,"minecraft:iron_pickaxe":1305,"minecraft:spruce_sapling":3,"minecraft:stone_axe":625,"minecraft:fishing_rod":11,"minecraft:cobblestone":187,"minecraft:potion":135,"minecraft:cooked_porkchop":16,"minecraft:bucket":23},"minecraft:killed_by":{"minecraft:zombie_villager":1,"twilightforest:skeleton_druid":1,"minecraft:ravager":1,"minecraft:vindicator":1,"minecraft:cave_spider":1,"minecraft:witch":1,"minecraft:zombie":4,"alexsmobs:grizzly_bear":1,"minecraft:player":1,"twilightforest:winter_wolf":1,"alexsmobs:centipede_head":1,"minecraft:skeleton":2},"minecraft:picked_up":{"minecraft:wheat":7,"minecraft:flower_pot":1,"artifacts:bunny_hoppers":1,"minecraft:oak_stairs":7,"minecraft:potion":36,"minecraft:amethyst_block":4,"minecraft:string":38,"minecraft:raw_copper":29,"minecraft:oak_sign":2,"minecraft:gold_nugget":2,"minecraft:cobbled_deepslate":975,"minecraft:written_book":1,"minecraft:calcite":2,"minecraft:wooden_shovel":2,"minecraft:iron_pickaxe":2,"biomesoplenty:redwood_wood":83,"minecraft:melon_slice":103,"minecraft:furnace":7,"minecraft:iron_boots":1,"minecraft:stick":108,"minecraft:deepslate_brick_wall":1,"twilightforest:oak_banister":3,"minecraft:torch":10,"minecraft:green_bed":1,"minecraft:porkchop":11,"minecraft:pointed_dripstone":2,"minecraft:diorite":83,"alexsmobs:centipede_leg":2,"minecraft:brown_carpet":1,"minecraft:stone_sword":1,"minecraft:rotten_flesh":31,"minecraft:light_blue_wool":3,"artifacts:villager_hat":1,"alexsmobs:emu_egg":2,"minecraft:cod":5,"alexsmobs:lobster_tail":2,"minecraft:cobblestone":472,"biomesoplenty:lavender":2,"minecraft:birch_log":6,"minecraft:magma_block":33,"minecraft:cooked_beef":3,"minecraft:feather":3,"minecraft:lilac":1,"minecraft:andesite":57,"minecraft:jungle_log":1,"cfm:oak_table":4,"minecraft:magenta_dye":3,"minecraft:flint":4,"minecraft:tuff":65,"minecraft:dirt":411,"twilightforest:canopy_sapling":20,"minecraft:bone":9,"minecraft:acacia_planks":10,"minecraft:wheat_seeds":65,"minecraft:raw_gold":10,"cfm:door_mat":2,"minecraft:rabbit":1,"minecraft:oak_planks":59,"biomesoplenty:toadstool":1,"minecraft:cooked_porkchop":7,"minecraft:sand":55,"twilightforest:canopy_log":21,"cfm:oak_upgraded_fence":7,"minecraft:dark_oak_log":10,"minecraft:mossy_cobblestone":1,"minecraft:orange_wool":1,"minecraft:bundle":1,"minecraft:polished_andesite":3,"biomesoplenty:willow_log":30,"minecraft:diamond":23,"waystones:waystone":8,"minecraft:granite":27,"minecraft:emerald":2,"minecraft:bread":1,"minecraft:rooted_dirt":2,"minecraft:oak_sapling":93,"minecraft:netherrack":16,"twilightforest:torchberries":3,"sophisticatedbackpacks:gold_backpack":1,"minecraft:coarse_dirt":3,"minecraft:cocoa_beans":4,"minecraft:mud":2,"minecraft:crafting_table":5,"minecraft:allium":1,"minecraft:chicken":2,"minecraft:clay_ball":8,"minecraft:brown_mushroom":3,"biomesoplenty:jacaranda_sapling":1,"minecraft:shield":1,"minecraft:moss_carpet":3,"artifacts:power_glove":1,"cold_sweat:thermometer":1,"cold_sweat:icebox":1,"biomesoplenty:black_sand":13,"minecraft:beef":44,"minecraft:player_head":1,"biomesoplenty:wildflower":10,"minecraft:sugar_cane":14,"minecraft:birch_sapling":4,"minecraft:egg":2,"cfm:white_sofa":1,"minecraft:dark_oak_sapling":4,"minecraft:raw_iron":23,"sophisticatedbackpacks:backpack":1,"minecraft:redstone":75,"twilightforest:firefly":8,"minecraft:arrow":15,"biomesoplenty:jacaranda_log":13,"biomesoplenty:willow_sapling":7,"biomesoplenty:cattail":2,"minecraft:hay_block":2,"artifacts:running_shoes":1,"biomesoplenty:redwood_sapling":3,"minecraft:mutton":17,"biomesoplenty:orange_sand":1,"minecraft:white_wool":10,"minecraft:stripped_oak_log":1,"cfm:oak_crate":2,"artifacts:digging_claws":1,"minecraft:salmon":1,"minecraft:leather":21,"minecraft:red_mushroom":2,"cfm:oak_chair":5,"biomesoplenty:jacaranda_door":2,"minecraft:oak_log":340,"minecraft:lily_pad":1,"minecraft:white_banner":2,"minecraft:red_carpet":2,"minecraft:apple":9,"minecraft:iron_ingot":3,"artifacts:whoopee_cushion":1,"minecraft:glass_bottle":4,"minecraft:iron_sword":2,"minecraft:oak_slab":8,"minecraft:smooth_basalt":5,"minecraft:dandelion":1,"minecraft:raw_iron_block":1,"minecraft:gravel":45,"minecraft:spruce_sapling":3,"minecraft:spruce_log":10,"minecraft:spider_eye":7,"minecraft:gray_wool":1,"minecraft:baked_potato":5,"minecraft:melon_seeds":1,"minecraft:coal":180}},"DataVersion":3465}