{"stats":{"minecraft:dropped":{"minecraft:stone_sword":1,"minecraft:glass_bottle":1,"biomesoplenty:mahogany_planks":5,"minecraft:shears":1,"minecraft:coal":3,"artifacts:eternal_steak":1,"minecraft:potion":3,"minecraft:iron_leggings":1,"minecraft:bamboo":14},"minecraft:crafted":{"minecraft:cooked_beef":6,"minecraft:oak_planks":104,"minecraft:cobblestone_slab":6,"minecraft:crafting_table":4,"biomesoplenty:mahogany_planks":12,"minecraft:wooden_pickaxe":1,"minecraft:iron_sword":1,"cold_sweat:icebox":1,"minecraft:iron_boots":1,"minecraft:iron_chestplate":1,"minecraft:iron_axe":1,"minecraft:stick":4,"minecraft:iron_pickaxe":1,"minecraft:stone_sword":1,"minecraft:chest":1,"minecraft:white_bed":2,"minecraft:shears":1,"sophisticatedbackpacks:iron_backpack":1},"minecraft:custom":{"minecraft:interact_with_furnace":6,"minecraft:mob_kills":9,"minecraft:interact_with_crafting_table":32,"minecraft:open_barrel":8,"minecraft:interact_with_campfire":3,"minecraft:leave_game":7,"minecraft:time_since_death":122111,"minecraft:sleep_in_bed":5,"minecraft:climb_one_cm":3191,"minecraft:time_since_rest":122477,"minecraft:sprint_one_cm":435710,"minecraft:damage_taken":4162,"minecraft:walk_one_cm":860829,"minecraft:drop":17,"minecraft:damage_dealt":1801,"minecraft:swim_one_cm":20992,"minecraft:open_chest":20,"minecraft:fly_one_cm":114064,"minecraft:play_time":328073,"minecraft:crouch_one_cm":3022,"minecraft:sneak_time":2025,"minecraft:deaths":10,"minecraft:walk_under_water_one_cm":22068,"minecraft:boat_one_cm":100295,"minecraft:jump":2390,"minecraft:walk_on_water_one_cm":143329,"minecraft:total_world_time":328073,"minecraft:fall_one_cm":33533},"minecraft:used":{"biomesoplenty:mahogany_planks":1,"minecraft:water_bucket":6,"minecraft:stone_sword":14,"minecraft:chest":1,"minecraft:oak_planks":60,"minecraft:glass_bottle":48,"minecraft:stone_pickaxe":79,"minecraft:bone_block":1,"minecraft:wooden_pickaxe":13,"artifacts:eternal_steak":2,"minecraft:iron_sword":25,"minecraft:grass":1,"minecraft:cooked_chicken":2,"minecraft:oak_leaves":4,"minecraft:torch":1,"minecraft:dirt":59,"minecraft:mutton":6,"minecraft:crafting_table":6,"minecraft:white_bed":3,"minecraft:spider_eye":1,"minecraft:shears":157,"minecraft:mud":1,"minecraft:apple":2,"minecraft:bread":18,"minecraft:iron_pickaxe":20,"cold_sweat:icebox":1,"minecraft:golden_sword":20,"minecraft:gravel":6,"minecraft:cobblestone":52,"minecraft:potion":49,"minecraft:bucket":7,"minecraft:cooked_beef":3,"minecraft:air":5},"minecraft:picked_up":{"minecraft:spruce_leaves":2,"minecraft:mud":1,"minecraft:cocoa_beans":3,"minecraft:crafting_table":2,"artifacts:eternal_steak":1,"minecraft:potion":8,"minecraft:flint":7,"minecraft:tuff":7,"minecraft:oak_log":26,"biomesoplenty:sea_oats":1,"biomesoplenty:dune_grass":1,"minecraft:yellow_bed":1,"minecraft:golden_sword":1,"minecraft:dirt":75,"minecraft:iron_leggings":1,"minecraft:wheat_seeds":17,"minecraft:orange_tulip":1,"minecraft:cobbled_deepslate":7,"minecraft:iron_ingot":8,"minecraft:stone_pickaxe":1,"minecraft:cooked_chicken":2,"minecraft:calcite":1,"minecraft:jungle_sapling":1,"minecraft:iron_pickaxe":1,"minecraft:glass_bottle":4,"minecraft:bamboo":28,"biomesoplenty:wildflower":2,"minecraft:sugar_cane":6,"minecraft:oak_planks":2,"biomesoplenty:mahogany_planks":1,"minecraft:furnace":1,"biomesoplenty:toadstool":4,"minecraft:raw_iron":5,"minecraft:torch":1,"sophisticatedbackpacks:backpack":1,"minecraft:gravel":46,"minecraft:white_bed":1,"minecraft:spider_eye":1,"biomesoplenty:mahogany_log":3,"artifacts:cowboy_hat":1,"minecraft:peony":5,"minecraft:shears":1,"minecraft:grass":1,"minecraft:bread":1,"biomesoplenty:barley":5,"minecraft:mutton":9,"minecraft:bone_block":1,"minecraft:coal":11,"minecraft:oak_leaves":132,"minecraft:white_wool":10,"minecraft:cobblestone":76},"minecraft:killed":{"minecraft:husk":1,"minecraft:spider":1,"minecraft:sheep":6},"minecraft:mined":{"minecraft:tuff":6,"minecraft:hanging_roots":1,"minecraft:jungle_leaves":18,"biomesoplenty:wildflower":2,"minecraft:crafting_table":1,"biomesoplenty:bush":1,"minecraft:calcite":1,"minecraft:grass_block":12,"biomesoplenty:mahogany_planks":1,"minecraft:cobblestone":8,"minecraft:spruce_leaves":2,"minecraft:sugar_cane":3,"biomesoplenty:dune_grass":1,"minecraft:mud":1,"biomesoplenty:toadstool":4,"biomesoplenty:mahogany_log":3,"minecraft:iron_ore":5,"minecraft:fire":1,"minecraft:orange_tulip":1,"minecraft:yellow_bed":1,"minecraft:peony":5,"biomesoplenty:sea_oats":3,"minecraft:grass":101,"biomesoplenty:clover":1,"minecraft:coal_ore":12,"minecraft:oak_log":10,"minecraft:cocoa":1,"minecraft:vine":1,"minecraft:gravel":21,"minecraft:dirt":24,"biomesoplenty:barley":12,"minecraft:bamboo":1,"minecraft:stone":65,"minecraft:oak_leaves":158,"minecraft:deepslate":8,"minecraft:fern":28},"minecraft:killed_by":{"minecraft:husk":2,"minecraft:skeleton":1,"minecraft:creeper":1,"minecraft:spider":1,"artifacts:mimic":1,"minecraft:zombie":1}},"DataVersion":3465}