{"stats":{"minecraft:dropped":{"toughasnails:leaf_chestplate":3,"minecraft:stone_sword":1,"minecraft:glass_bottle":1,"minecraft:shears":1,"toughasnails:leaf_boots":1,"artifacts:eternal_steak":1,"minecraft:potion":2,"toughasnails:leaf_helmet":1,"toughasnails:leaf_leggings":1},"minecraft:mined":{"minecraft:tuff":6,"minecraft:hanging_roots":1,"biomesoplenty:wildflower":2,"biomesoplenty:bush":1,"minecraft:grass_block":4,"minecraft:calcite":1,"minecraft:cobblestone":4,"minecraft:spruce_leaves":2,"minecraft:sugar_cane":3,"biomesoplenty:dune_grass":1,"minecraft:mud":1,"biomesoplenty:toadstool":4,"minecraft:iron_ore":5,"minecraft:fire":1,"minecraft:orange_tulip":1,"minecraft:peony":5,"biomesoplenty:sea_oats":3,"minecraft:grass":14,"minecraft:coal_ore":5,"minecraft:oak_log":5,"minecraft:dirt":8,"biomesoplenty:barley":11,"minecraft:stone":49,"minecraft:oak_leaves":59,"minecraft:deepslate":8},"minecraft:used":{"minecraft:stone_sword":14,"minecraft:glass_bottle":30,"minecraft:stone_pickaxe":79,"artifacts:eternal_steak":2,"minecraft:cooked_chicken":2,"minecraft:oak_leaves":1,"minecraft:torch":1,"minecraft:dirt":10,"minecraft:mutton":6,"minecraft:crafting_table":2,"minecraft:white_bed":3,"minecraft:shears":56,"minecraft:mud":1,"minecraft:apple":2,"minecraft:bread":1,"minecraft:golden_sword":20,"minecraft:cobblestone":52,"minecraft:potion":30,"minecraft:air":4,"minecraft:cooked_beef":3},"minecraft:picked_up":{"minecraft:spruce_leaves":2,"minecraft:mud":1,"artifacts:eternal_steak":1,"minecraft:potion":3,"minecraft:tuff":7,"minecraft:oak_log":5,"biomesoplenty:sea_oats":1,"biomesoplenty:dune_grass":1,"minecraft:dirt":15,"minecraft:wheat_seeds":3,"minecraft:orange_tulip":1,"minecraft:cobbled_deepslate":7,"minecraft:stone_pickaxe":1,"minecraft:cooked_chicken":2,"minecraft:calcite":1,"minecraft:iron_pickaxe":1,"minecraft:glass_bottle":1,"minecraft:sugar_cane":6,"biomesoplenty:wildflower":2,"minecraft:oak_planks":2,"minecraft:furnace":1,"biomesoplenty:toadstool":4,"toughasnails:leaf_chestplate":2,"minecraft:raw_iron":5,"minecraft:torch":1,"minecraft:white_bed":1,"minecraft:peony":5,"minecraft:shears":1,"minecraft:bread":1,"biomesoplenty:barley":5,"minecraft:mutton":9,"minecraft:coal":5,"minecraft:oak_leaves":49,"minecraft:white_wool":6,"minecraft:cobblestone":56},"minecraft:crafted":{"minecraft:cooked_beef":6,"toughasnails:leaf_boots":2,"minecraft:oak_planks":20,"minecraft:crafting_table":2,"toughasnails:leaf_chestplate":2,"toughasnails:leaf_leggings":2,"minecraft:stick":4,"minecraft:stone_sword":1,"toughasnails:leaf_helmet":2,"minecraft:white_bed":2},"minecraft:custom":{"minecraft:interact_with_furnace":6,"minecraft:mob_kills":6,"minecraft:interact_with_crafting_table":6,"minecraft:leave_game":1,"minecraft:time_since_death":6084,"minecraft:sleep_in_bed":5,"minecraft:climb_one_cm":380,"minecraft:time_since_rest":6307,"minecraft:sprint_one_cm":180949,"minecraft:damage_taken":1062,"minecraft:walk_one_cm":443321,"minecraft:drop":12,"minecraft:damage_dealt":925,"minecraft:swim_one_cm":8940,"minecraft:fly_one_cm":49113,"minecraft:open_chest":4,"minecraft:crouch_one_cm":401,"minecraft:play_time":124137,"minecraft:deaths":2,"minecraft:sneak_time":675,"minecraft:walk_under_water_one_cm":9599,"minecraft:jump":1168,"minecraft:walk_on_water_one_cm":70038,"minecraft:total_world_time":124137,"minecraft:fall_one_cm":13668},"minecraft:killed_by":{"minecraft:spider":1,"artifacts:mimic":1},"minecraft:killed":{"minecraft:sheep":6}},"DataVersion":3465}