{"stats":{"minecraft:crafted":{"minecraft:oak_planks":924,"minecraft:oak_sign":3,"minecraft:lightning_rod":1,"minecraft:cooked_mutton":16,"minecraft:iron_boots":1,"cfm:white_sofa":2,"cfm:oak_blinds":2,"minecraft:melon_seeds":1,"minecraft:chest":20,"cold_sweat:sewing_table":1,"minecraft:stone_hoe":1,"minecraft:magenta_dye":3,"minecraft:oak_fence":21,"minecraft:oak_slab":108,"minecraft:wooden_shovel":3,"minecraft:emerald":1,"biomesoplenty:jacaranda_planks":44,"minecraft:cooked_porkchop":13,"minecraft:crafting_table":6,"minecraft:wooden_pickaxe":1,"minecraft:iron_helmet":1,"cfm:oak_mail_box":2,"minecraft:copper_ingot":18,"minecraft:birch_planks":24,"minecraft:iron_chestplate":1,"minecraft:stick":44,"minecraft:iron_ingot":30,"minecraft:iron_pickaxe":2,"minecraft:stone_sword":1,"minecraft:gold_ingot":3,"minecraft:fishing_rod":1,"minecraft:furnace":1,"minecraft:stone_pickaxe":5,"cfm:oak_crate":4,"cfm:oak_table":4,"biomesoplenty:jacaranda_door":3,"cfm:door_mat":1,"minecraft:cooked_beef":23,"alexsmobs:cooked_lobster_tail":1,"biomesoplenty:redwood_planks":76,"twilightforest:oak_banister":3,"minecraft:iron_sword":1,"alexsmobs:boiled_emu_egg":2,"minecraft:bucket":1,"minecraft:stone_axe":5,"minecraft:jungle_planks":4,"minecraft:oak_boat":1,"cold_sweat:thermometer":1,"minecraft:oak_fence_gate":1,"minecraft:potion":83,"minecraft:wooden_axe":1,"minecraft:oak_stairs":12,"cfm:oak_bedside_cabinet":2,"minecraft:iron_leggings":1,"cfm:oak_upgraded_fence":36,"cfm:oak_chair":4,"minecraft:torch":60},"minecraft:mined":{"biomesoplenty:mossy_black_sand":5,"minecraft:jungle_leaves":7,"twilightforest:oak_banister":3,"minecraft:granite":38,"minecraft:grass_block":209,"minecraft:jungle_log":9,"biomesoplenty:cattail":2,"minecraft:oak_wall_sign":1,"minecraft:spawner":1,"minecraft:magma_block":25,"minecraft:iron_ore":3,"minecraft:cobbled_deepslate":33,"biomesoplenty:lavender":2,"minecraft:moss_carpet":1,"minecraft:potted_dandelion":1,"minecraft:pointed_dripstone":1,"minecraft:dirt_path":20,"minecraft:oak_stairs":7,"minecraft:potted_orange_tulip":1,"minecraft:green_bed":1,"minecraft:deepslate_redstone_ore":2,"minecraft:brown_mushroom":3,"minecraft:deepslate_brick_wall":1,"biomesoplenty:wildflower":11,"minecraft:clay":2,"twilightforest:torchberry_plant":1,"minecraft:torch":1,"minecraft:calcite":5,"minecraft:poppy":1,"minecraft:melon":22,"minecraft:mushroom_stem":6,"minecraft:cobblestone":26,"cold_sweat:icebox":1,"minecraft:sugar_cane":9,"minecraft:oak_planks":56,"minecraft:wall_torch":1,"minecraft:seagrass":1,"minecraft:birch_log":6,"minecraft:wheat":7,"minecraft:lilac":1,"twilightforest:root":1,"minecraft:grass":321,"biomesoplenty:clover":4,"minecraft:oak_log":229,"minecraft:sand":28,"minecraft:dirt":140,"minecraft:smooth_basalt":5,"twilightforest:canopy_log":37,"minecraft:netherrack":16,"minecraft:oak_leaves":62,"minecraft:deepslate":264,"biomesoplenty:reed":1,"twilightforest:firefly":8,"minecraft:diamond_ore":1,"minecraft:red_carpet":2,"minecraft:tuff":27,"minecraft:deepslate_diamond_ore":2,"biomesoplenty:desert_grass":60,"minecraft:dark_oak_log":10,"minecraft:allium":1,"minecraft:red_mushroom":1,"minecraft:rooted_dirt":1,"minecraft:hay_block":2,"cfm:oak_crate":2,"biomesoplenty:jacaranda_log":35,"minecraft:redstone_ore":13,"minecraft:furnace":3,"cfm:oak_table":4,"minecraft:andesite":62,"cfm:oak_upgraded_fence":7,"biomesoplenty:sea_oats":1,"minecraft:deepslate_iron_ore":5,"minecraft:vine":6,"cfm:door_mat":2,"biomesoplenty:jacaranda_door":2,"cfm:white_sofa":1,"minecraft:stone":432,"minecraft:podzol":2,"minecraft:oak_slab":1,"twilightforest:root_strand":3,"biomesoplenty:orange_sand":1,"minecraft:brown_carpet":1,"biomesoplenty:black_sand":8,"minecraft:dandelion":1,"minecraft:crafting_table":2,"minecraft:rose_bush":1,"minecraft:tall_grass":33,"minecraft:copper_ore":8,"biomesoplenty:sprout":2,"biomesoplenty:huge_clover_petal":4,"biomesoplenty:willow_log":30,"twilightforest:mayapple":5,"minecraft:diorite":77,"minecraft:coarse_dirt":4,"cfm:oak_chair":5,"minecraft:spruce_log":10,"minecraft:coal_ore":169,"minecraft:mycelium":1,"minecraft:cocoa":2,"minecraft:gravel":15,"minecraft:cobweb":6,"minecraft:stone_bricks":6,"minecraft:polished_andesite":1,"minecraft:gold_ore":1,"minecraft:mossy_stone_bricks":2,"biomesoplenty:redwood_wood":83,"minecraft:fern":14},"minecraft:killed":{"alexsmobs:lobster":3,"minecraft:cave_spider":3,"minecraft:spider":8,"minecraft:skeleton":1,"minecraft:chicken":2,"artifacts:mimic":1,"minecraft:pig":5,"minecraft:creeper":1,"minecraft:sheep":9,"minecraft:pillager":5,"minecraft:zombie":16,"minecraft:cow":16,"minecraft:vindicator":4,"twilightforest:hedge_spider":3,"twilightforest:kobold":2,"alexsmobs:crow":1,"twilightforest:bighorn_sheep":2},"minecraft:picked_up":{"minecraft:wheat":7,"minecraft:flower_pot":1,"artifacts:bunny_hoppers":1,"minecraft:oak_stairs":7,"minecraft:potion":36,"minecraft:amethyst_block":4,"minecraft:string":33,"minecraft:raw_copper":29,"minecraft:oak_sign":2,"minecraft:gold_nugget":2,"minecraft:cobbled_deepslate":319,"minecraft:written_book":1,"minecraft:calcite":2,"minecraft:wooden_shovel":2,"minecraft:iron_pickaxe":1,"biomesoplenty:redwood_wood":83,"minecraft:melon_slice":103,"minecraft:furnace":5,"minecraft:iron_boots":1,"minecraft:stick":75,"minecraft:deepslate_brick_wall":1,"twilightforest:oak_banister":3,"minecraft:torch":4,"minecraft:green_bed":1,"minecraft:porkchop":11,"minecraft:pointed_dripstone":2,"minecraft:diorite":83,"minecraft:brown_carpet":1,"minecraft:stone_sword":1,"minecraft:rotten_flesh":12,"minecraft:light_blue_wool":3,"artifacts:villager_hat":1,"alexsmobs:emu_egg":2,"minecraft:cod":4,"alexsmobs:lobster_tail":2,"minecraft:cobblestone":467,"biomesoplenty:lavender":2,"minecraft:birch_log":6,"minecraft:magma_block":33,"minecraft:cooked_beef":3,"minecraft:feather":3,"minecraft:lilac":1,"minecraft:andesite":57,"minecraft:jungle_log":1,"cfm:oak_table":4,"minecraft:magenta_dye":3,"minecraft:flint":2,"minecraft:tuff":37,"minecraft:dirt":338,"twilightforest:canopy_sapling":20,"minecraft:acacia_planks":10,"minecraft:wheat_seeds":64,"minecraft:raw_gold":3,"minecraft:rabbit":1,"cfm:door_mat":2,"minecraft:oak_planks":59,"biomesoplenty:toadstool":1,"minecraft:cooked_porkchop":7,"minecraft:sand":18,"twilightforest:canopy_log":21,"cfm:oak_upgraded_fence":7,"minecraft:dark_oak_log":10,"minecraft:orange_wool":1,"minecraft:polished_andesite":3,"biomesoplenty:willow_log":30,"minecraft:diamond":4,"waystones:waystone":8,"minecraft:granite":27,"minecraft:emerald":2,"minecraft:bread":1,"minecraft:rooted_dirt":2,"minecraft:oak_sapling":93,"minecraft:netherrack":16,"twilightforest:torchberries":3,"minecraft:crafting_table":2,"minecraft:coarse_dirt":3,"minecraft:cocoa_beans":4,"minecraft:mud":2,"minecraft:allium":1,"minecraft:chicken":2,"minecraft:clay_ball":8,"minecraft:brown_mushroom":3,"biomesoplenty:jacaranda_sapling":1,"minecraft:shield":1,"minecraft:moss_carpet":3,"artifacts:power_glove":1,"cold_sweat:thermometer":1,"cold_sweat:icebox":1,"biomesoplenty:black_sand":13,"minecraft:beef":33,"minecraft:player_head":1,"biomesoplenty:wildflower":8,"minecraft:sugar_cane":14,"minecraft:birch_sapling":4,"minecraft:egg":2,"cfm:white_sofa":1,"minecraft:dark_oak_sapling":4,"minecraft:raw_iron":8,"sophisticatedbackpacks:backpack":1,"minecraft:redstone":66,"twilightforest:firefly":8,"minecraft:arrow":7,"biomesoplenty:jacaranda_log":13,"biomesoplenty:cattail":2,"biomesoplenty:willow_sapling":7,"minecraft:hay_block":2,"biomesoplenty:redwood_sapling":3,"minecraft:mutton":17,"minecraft:white_wool":10,"biomesoplenty:orange_sand":1,"minecraft:stripped_oak_log":1,"cfm:oak_crate":2,"minecraft:salmon":1,"minecraft:leather":18,"minecraft:red_mushroom":2,"cfm:oak_chair":5,"biomesoplenty:jacaranda_door":2,"minecraft:oak_log":340,"minecraft:lily_pad":1,"minecraft:white_banner":2,"minecraft:red_carpet":2,"minecraft:apple":9,"artifacts:whoopee_cushion":1,"minecraft:glass_bottle":4,"minecraft:iron_sword":2,"minecraft:oak_slab":8,"minecraft:smooth_basalt":5,"minecraft:dandelion":1,"minecraft:gravel":7,"minecraft:spruce_sapling":3,"minecraft:spruce_log":10,"minecraft:spider_eye":6,"minecraft:gray_wool":1,"minecraft:baked_potato":5,"minecraft:melon_seeds":1,"minecraft:coal":171},"minecraft:killed_by":{"minecraft:zombie_villager":1,"twilightforest:skeleton_druid":1,"minecraft:ravager":1,"minecraft:vindicator":1,"minecraft:cave_spider":1,"minecraft:witch":1,"minecraft:zombie":3,"alexsmobs:grizzly_bear":1,"minecraft:player":1,"twilightforest:winter_wolf":1,"minecraft:skeleton":2},"minecraft:used":{"cfm:oak_mail_box":1,"minecraft:oak_sign":5,"minecraft:chest":18,"minecraft:shield":24,"minecraft:iron_sword":303,"twilightforest:canopy_sapling":2,"cfm:oak_blinds":2,"cfm:door_mat":3,"alexsmobs:cooked_lobster_tail":1,"biomesoplenty:jacaranda_sapling":1,"minecraft:magma_block":21,"minecraft:written_book":1,"minecraft:oak_sapling":24,"minecraft:furnace":6,"minecraft:egg":1,"minecraft:potato":6,"twilightforest:oak_banister":6,"minecraft:dark_oak_sapling":4,"minecraft:oak_planks":594,"minecraft:stone_pickaxe":555,"minecraft:wooden_pickaxe":40,"biomesoplenty:lavender":1,"biomesoplenty:flowering_oak_sapling":1,"biomesoplenty:willow_sapling":7,"minecraft:lightning_rod":1,"cfm:oak_chair":7,"waystones:waystone":8,"minecraft:melon_slice":59,"cold_sweat:sewing_table":1,"minecraft:bread":4,"cfm:oak_upgraded_fence":34,"minecraft:oak_boat":1,"minecraft:air":7,"minecraft:coarse_dirt":3,"minecraft:bone_meal":1,"minecraft:oak_fence":21,"minecraft:stone_sword":151,"minecraft:wooden_shovel":115,"minecraft:stone_hoe":1,"minecraft:torch":48,"minecraft:dirt":335,"minecraft:granite":27,"minecraft:oak_fence_gate":1,"cfm:oak_table":5,"minecraft:wooden_axe":63,"cfm:oak_crate":5,"cfm:oak_bedside_cabinet":2,"minecraft:oak_stairs":19,"minecraft:rooted_dirt":2,"cold_sweat:icebox":1,"biomesoplenty:jacaranda_log":2,"minecraft:cooked_beef":26,"minecraft:cobbled_deepslate":60,"alexsmobs:boiled_emu_egg":1,"minecraft:cooked_mutton":12,"biomesoplenty:jacaranda_door":5,"minecraft:water_bucket":15,"minecraft:rabbit":1,"minecraft:glass_bottle":103,"minecraft:baked_potato":5,"minecraft:green_bed":1,"minecraft:oak_slab":107,"minecraft:crafting_table":6,"twilightforest:canopy_log":2,"minecraft:cod":1,"minecraft:oak_log":53,"alexsmobs:mudskipper_bucket":1,"minecraft:flower_pot":1,"minecraft:apple":3,"twilightforest:firefly":8,"cfm:white_sofa":3,"minecraft:chicken":2,"minecraft:iron_pickaxe":744,"minecraft:stone_axe":624,"minecraft:fishing_rod":11,"minecraft:cobblestone":187,"minecraft:potion":114,"minecraft:cooked_porkchop":16,"minecraft:bucket":16},"minecraft:broken":{"minecraft:wooden_shovel":1,"minecraft:stone_pickaxe":3,"minecraft:stone_axe":3,"minecraft:wooden_axe":1,"minecraft:iron_pickaxe":3},"minecraft:custom":{"minecraft:interact_with_crafting_table":114,"minecraft:open_barrel":3,"minecraft:leave_game":7,"minecraft:time_since_death":29523,"minecraft:sprint_one_cm":1809215,"minecraft:damage_blocked_by_shield":980,"minecraft:drop":112,"minecraft:talked_to_villager":10,"minecraft:play_time":957153,"minecraft:deaths":19,"minecraft:jump":4522,"minecraft:interact_with_brewingstand":2,"minecraft:walk_on_water_one_cm":199419,"minecraft:interact_with_furnace":128,"minecraft:traded_with_villager":1,"minecraft:sleep_in_bed":20,"minecraft:waystone_activated":10,"minecraft:damage_dealt":13266,"minecraft:player_kills":1,"minecraft:crouch_one_cm":12274,"minecraft:interact_with_smoker":6,"minecraft:horse_one_cm":8,"minecraft:interact_with_smithing_table":2,"minecraft:mob_kills":83,"minecraft:interact_with_campfire":34,"minecraft:damage_dealt_resisted":152,"minecraft:climb_one_cm":21885,"minecraft:walk_one_cm":3462065,"minecraft:damage_dealt_absorbed":84,"minecraft:sneak_time":11147,"minecraft:walk_under_water_one_cm":64222,"minecraft:boat_one_cm":333249,"minecraft:interact_with_blast_furnace":2,"minecraft:total_world_time":957153,"minecraft:pot_flower":1,"minecraft:time_since_rest":7936,"minecraft:damage_taken":10136,"minecraft:swim_one_cm":48768,"minecraft:fly_one_cm":3788175,"minecraft:open_chest":91,"minecraft:fish_caught":5,"minecraft:fall_one_cm":91129},"minecraft:dropped":{"minecraft:iron_sword":1,"minecraft:brown_mushroom":1,"minecraft:oak_log":38,"minecraft:glass_bottle":1,"minecraft:diamond":1,"minecraft:cooked_porkchop":4,"minecraft:leather":4,"minecraft:red_mushroom":2,"minecraft:flint":1,"minecraft:dirt":2,"cfm:oak_mail_box":1,"twilightforest:firefly":1,"minecraft:sand":1,"minecraft:white_wool":3,"minecraft:gold_ingot":1,"minecraft:music_disc_blocks":1,"minecraft:gravel":4,"minecraft:stone_axe":1,"minecraft:birch_sapling":1,"minecraft:wheat":1,"minecraft:pointed_dripstone":2,"artifacts:villager_hat":1,"minecraft:cooked_mutton":4,"twilightforest:torchberries":2,"minecraft:melon_seeds":1,"biomesoplenty:wildflower":3,"minecraft:arrow":2,"minecraft:written_book":1,"minecraft:bread":1,"minecraft:wheat_seeds":33,"minecraft:deepslate_brick_wall":1,"minecraft:cobblestone":71,"minecraft:feather":4,"alexsmobs:boiled_emu_egg":1,"twilightforest:canopy_log":3,"minecraft:coal":67,"minecraft:polished_andesite":2,"biomesoplenty:orange_sand":1,"minecraft:gray_wool":1,"minecraft:golden_carrot":11,"minecraft:torch":9,"minecraft:melon_slice":42,"minecraft:potion":4,"minecraft:mud":2,"sophisticatedbackpacks:jukebox_upgrade":1,"minecraft:string":25,"cold_sweat:thermometer":1,"minecraft:lily_pad":1,"minecraft:raw_iron":3,"minecraft:stripped_oak_log":1,"minecraft:oak_sapling":6,"minecraft:wooden_shovel":3,"minecraft:spider_eye":4,"minecraft:brown_carpet":1,"minecraft:magenta_dye":3,"minecraft:stone_pickaxe":1,"minecraft:calcite":2,"minecraft:magma_block":7}},"DataVersion":3465}