{"stats":{"minecraft:picked_up":{"minecraft:shelter_pottery_sherd":1,"minecraft:crafting_table":2,"minecraft:feather":3,"minecraft:chicken":3,"minecraft:salmon":1,"minecraft:leather":4,"minecraft:tuff":2,"minecraft:crimson_planks":2,"minecraft:shield":1,"minecraft:string":3,"minecraft:dirt":4,"minecraft:cooked_mutton":10,"minecraft:bone":4,"minecraft:apple":3,"minecraft:wheat_seeds":5,"minecraft:spruce_planks":4,"minecraft:beef":7,"minecraft:rose_bush":2,"minecraft:sugar_cane":8,"minecraft:dark_oak_sapling":18,"minecraft:stick":9,"minecraft:raw_iron":1,"minecraft:sheaf_pottery_sherd":1,"minecraft:cooked_porkchop":3,"minecraft:pumpkin":2,"minecraft:sweet_berries":44,"minecraft:dandelion":1,"sophisticatedbackpacks:backpack":1,"minecraft:porkchop":4,"minecraft:spruce_sapling":1,"minecraft:white_bed":3,"minecraft:spruce_log":10,"minecraft:dark_oak_log":31,"minecraft:purple_terracotta":1,"minecraft:brown_carpet":1,"minecraft:purple_candle":1,"minecraft:arrow":3,"minecraft:rotten_flesh":12,"minecraft:snort_pottery_sherd":1,"minecraft:decorated_pot":1,"minecraft:angler_pottery_sherd":1,"minecraft:jungle_stairs":1,"minecraft:iron_helmet":1,"minecraft:gray_wool":1,"minecraft:white_terracotta":6,"minecraft:iron_bars":2,"minecraft:mutton":16,"minecraft:coal":8,"minecraft:white_wool":9,"minecraft:cobblestone":24},"minecraft:killed_by":{"minecraft:vindicator":1,"minecraft:player":1,"minecraft:creeper":1,"minecraft:zombie":1},"minecraft:dropped":{"minecraft:wheat_seeds":5,"minecraft:cooked_chicken":1,"minecraft:tuff":1,"minecraft:feather":3,"minecraft:cobblestone":2,"minecraft:rotten_flesh":2,"minecraft:leather":4,"minecraft:cooked_mutton":5,"minecraft:dandelion":1},"minecraft:used":{"minecraft:cooked_mutton":5,"minecraft:stone_sword":84,"minecraft:stone_pickaxe":43,"minecraft:shield":1,"minecraft:spruce_planks":16,"minecraft:wooden_pickaxe":27,"minecraft:cooked_chicken":1,"minecraft:salmon":1,"minecraft:dirt":3,"minecraft:crafting_table":4,"minecraft:white_bed":5,"minecraft:wooden_axe":42,"minecraft:apple":1,"minecraft:cobblestone":1,"minecraft:dark_oak_boat":1,"minecraft:sweet_berries":32,"minecraft:furnace":2,"minecraft:cooked_porkchop":3},"minecraft:killed":{"minecraft:pig":3,"minecraft:salmon":1,"minecraft:spider":2,"minecraft:sheep":6,"minecraft:zombie":2,"minecraft:drowned":1,"minecraft:cow":2},"minecraft:crafted":{"minecraft:dark_oak_boat":1,"minecraft:crafting_table":3,"minecraft:spruce_planks":40,"minecraft:wooden_pickaxe":1,"minecraft:cooked_chicken":2,"minecraft:furnace":2,"minecraft:stick":8,"minecraft:stone_pickaxe":1,"minecraft:wooden_axe":1,"minecraft:stone_sword":1,"minecraft:white_bed":2,"minecraft:dark_oak_planks":20},"minecraft:custom":{"minecraft:interact_with_furnace":3,"minecraft:mob_kills":17,"minecraft:interact_with_crafting_table":9,"minecraft:interact_with_campfire":15,"minecraft:leave_game":2,"minecraft:time_since_death":6165,"minecraft:sleep_in_bed":5,"minecraft:climb_one_cm":15724,"minecraft:waystone_activated":2,"minecraft:time_since_rest":6218,"minecraft:sprint_one_cm":303717,"minecraft:damage_taken":2549,"minecraft:walk_one_cm":460744,"minecraft:damage_blocked_by_shield":130,"minecraft:drop":12,"minecraft:damage_dealt":2782,"minecraft:damage_dealt_absorbed":80,"minecraft:swim_one_cm":21990,"minecraft:fly_one_cm":42203,"minecraft:open_chest":4,"minecraft:crouch_one_cm":2938,"minecraft:play_time":104603,"minecraft:deaths":5,"minecraft:sneak_time":900,"minecraft:walk_under_water_one_cm":21456,"minecraft:boat_one_cm":146708,"minecraft:jump":739,"minecraft:walk_on_water_one_cm":27418,"minecraft:total_world_time":104603,"minecraft:fall_one_cm":10725},"minecraft:mined":{"minecraft:podzol":2,"minecraft:spruce_planks":2,"minecraft:white_bed":5,"minecraft:brown_carpet":2,"minecraft:dark_oak_log":35,"minecraft:purple_candle":1,"minecraft:potted_dead_bush":1,"minecraft:jungle_stairs":1,"minecraft:purple_terracotta":2,"minecraft:grass_block":2,"minecraft:decorated_pot":2,"minecraft:rose_bush":2,"minecraft:tall_grass":13,"minecraft:cobblestone":1,"minecraft:deepslate_coal_ore":2,"minecraft:sugar_cane":2,"minecraft:large_fern":10,"minecraft:white_terracotta":6,"minecraft:iron_ore":1,"minecraft:sweet_berry_bush":18,"minecraft:ice":9,"minecraft:spruce_log":4,"minecraft:pumpkin":2,"minecraft:grass":7,"minecraft:iron_bars":2,"minecraft:coal_ore":6,"minecraft:vine":1,"minecraft:cobweb":5,"minecraft:crimson_planks":2,"minecraft:stone":29,"minecraft:fern":7}},"DataVersion":3465}