{"stats":{"minecraft:used":{"minecraft:oak_sign":5,"minecraft:shield":20,"minecraft:iron_sword":199,"twilightforest:canopy_sapling":2,"cfm:oak_blinds":2,"cfm:door_mat":3,"alexsmobs:cooked_lobster_tail":1,"biomesoplenty:jacaranda_sapling":1,"minecraft:magma_block":14,"minecraft:written_book":1,"minecraft:furnace":3,"minecraft:oak_sapling":3,"minecraft:egg":1,"minecraft:potato":6,"twilightforest:oak_banister":6,"minecraft:stone_pickaxe":523,"minecraft:oak_planks":418,"minecraft:wooden_pickaxe":40,"biomesoplenty:lavender":1,"biomesoplenty:flowering_oak_sapling":1,"minecraft:lightning_rod":1,"cfm:oak_chair":7,"waystones:waystone":4,"cold_sweat:sewing_table":1,"minecraft:bread":2,"minecraft:melon_slice":48,"cfm:oak_upgraded_fence":31,"minecraft:air":7,"minecraft:coarse_dirt":3,"minecraft:bone_meal":1,"minecraft:oak_fence":21,"minecraft:stone_sword":151,"minecraft:wooden_shovel":115,"minecraft:stone_hoe":1,"minecraft:torch":48,"minecraft:dirt":242,"minecraft:granite":27,"minecraft:oak_fence_gate":1,"cfm:oak_table":5,"minecraft:wooden_axe":63,"cfm:oak_bedside_cabinet":2,"minecraft:oak_stairs":19,"minecraft:rooted_dirt":2,"cold_sweat:icebox":1,"biomesoplenty:jacaranda_log":2,"minecraft:cooked_beef":25,"minecraft:cobbled_deepslate":44,"alexsmobs:boiled_emu_egg":1,"minecraft:cooked_mutton":12,"biomesoplenty:jacaranda_door":5,"minecraft:water_bucket":10,"minecraft:rabbit":1,"minecraft:glass_bottle":88,"minecraft:baked_potato":5,"minecraft:green_bed":1,"minecraft:crafting_table":4,"twilightforest:canopy_log":2,"minecraft:cod":1,"minecraft:oak_log":45,"minecraft:flower_pot":1,"minecraft:apple":2,"twilightforest:firefly":8,"cfm:white_sofa":3,"minecraft:chicken":2,"minecraft:iron_pickaxe":618,"minecraft:stone_axe":469,"minecraft:fishing_rod":11,"minecraft:cobblestone":187,"minecraft:potion":98,"minecraft:cooked_porkchop":10,"minecraft:bucket":11},"minecraft:crafted":{"minecraft:oak_planks":528,"minecraft:oak_sign":3,"minecraft:lightning_rod":1,"minecraft:cooked_mutton":16,"minecraft:iron_boots":1,"cfm:white_sofa":2,"cfm:oak_blinds":2,"minecraft:melon_seeds":1,"cold_sweat:sewing_table":1,"minecraft:stone_hoe":1,"minecraft:magenta_dye":3,"minecraft:oak_fence":21,"minecraft:wooden_shovel":3,"minecraft:emerald":1,"biomesoplenty:jacaranda_planks":44,"minecraft:cooked_porkchop":8,"minecraft:crafting_table":5,"minecraft:wooden_pickaxe":1,"minecraft:iron_helmet":1,"minecraft:copper_ingot":18,"minecraft:birch_planks":24,"minecraft:iron_chestplate":1,"minecraft:stick":44,"minecraft:iron_ingot":30,"minecraft:iron_pickaxe":2,"minecraft:stone_sword":1,"minecraft:gold_ingot":3,"minecraft:fishing_rod":1,"minecraft:stone_pickaxe":4,"cfm:oak_table":4,"biomesoplenty:jacaranda_door":3,"cfm:door_mat":1,"minecraft:cooked_beef":23,"alexsmobs:cooked_lobster_tail":1,"biomesoplenty:redwood_planks":76,"twilightforest:oak_banister":3,"minecraft:iron_sword":1,"alexsmobs:boiled_emu_egg":2,"minecraft:bucket":1,"minecraft:stone_axe":4,"minecraft:jungle_planks":4,"cold_sweat:thermometer":1,"minecraft:oak_fence_gate":1,"minecraft:potion":71,"minecraft:wooden_axe":1,"minecraft:oak_stairs":12,"cfm:oak_bedside_cabinet":2,"minecraft:iron_leggings":1,"cfm:oak_upgraded_fence":24,"cfm:oak_chair":4,"minecraft:torch":60},"minecraft:mined":{"biomesoplenty:mossy_black_sand":5,"minecraft:jungle_leaves":7,"twilightforest:oak_banister":3,"minecraft:granite":38,"minecraft:grass_block":195,"minecraft:jungle_log":9,"minecraft:oak_wall_sign":1,"minecraft:spawner":1,"minecraft:magma_block":18,"minecraft:iron_ore":3,"minecraft:cobbled_deepslate":32,"biomesoplenty:lavender":2,"minecraft:moss_carpet":1,"minecraft:pointed_dripstone":1,"minecraft:potted_dandelion":1,"minecraft:dirt_path":13,"minecraft:oak_stairs":7,"minecraft:potted_orange_tulip":1,"minecraft:green_bed":1,"minecraft:deepslate_redstone_ore":2,"minecraft:brown_mushroom":3,"minecraft:deepslate_brick_wall":1,"biomesoplenty:wildflower":11,"minecraft:clay":2,"minecraft:torch":1,"twilightforest:torchberry_plant":1,"minecraft:calcite":5,"minecraft:melon":22,"minecraft:mushroom_stem":6,"minecraft:cobblestone":26,"cold_sweat:icebox":1,"minecraft:sugar_cane":9,"minecraft:oak_planks":35,"minecraft:wall_torch":1,"minecraft:birch_log":6,"minecraft:wheat":7,"minecraft:lilac":1,"twilightforest:root":1,"minecraft:grass":294,"biomesoplenty:clover":4,"minecraft:oak_log":182,"minecraft:sand":16,"minecraft:dirt":97,"minecraft:smooth_basalt":5,"twilightforest:canopy_log":37,"minecraft:netherrack":16,"minecraft:deepslate":264,"minecraft:oak_leaves":54,"biomesoplenty:reed":1,"twilightforest:firefly":8,"minecraft:diamond_ore":1,"minecraft:tuff":27,"minecraft:red_carpet":2,"minecraft:deepslate_diamond_ore":2,"biomesoplenty:desert_grass":54,"minecraft:allium":1,"minecraft:red_mushroom":1,"minecraft:rooted_dirt":1,"minecraft:hay_block":2,"biomesoplenty:jacaranda_log":35,"minecraft:redstone_ore":13,"minecraft:furnace":1,"cfm:oak_table":4,"minecraft:andesite":62,"cfm:oak_upgraded_fence":7,"biomesoplenty:sea_oats":1,"minecraft:deepslate_iron_ore":5,"minecraft:vine":6,"cfm:door_mat":2,"biomesoplenty:jacaranda_door":2,"cfm:white_sofa":1,"minecraft:stone":383,"minecraft:podzol":2,"twilightforest:root_strand":3,"biomesoplenty:orange_sand":1,"minecraft:brown_carpet":1,"biomesoplenty:black_sand":8,"minecraft:dandelion":1,"minecraft:rose_bush":1,"minecraft:tall_grass":27,"minecraft:copper_ore":8,"biomesoplenty:huge_clover_petal":4,"biomesoplenty:sprout":2,"twilightforest:mayapple":5,"minecraft:diorite":77,"minecraft:coarse_dirt":4,"cfm:oak_chair":5,"minecraft:coal_ore":92,"minecraft:mycelium":1,"minecraft:cocoa":2,"minecraft:gravel":15,"minecraft:cobweb":6,"minecraft:polished_andesite":1,"minecraft:stone_bricks":6,"minecraft:mossy_stone_bricks":2,"minecraft:gold_ore":1,"biomesoplenty:redwood_wood":83,"minecraft:fern":11},"minecraft:killed_by":{"minecraft:zombie_villager":1,"twilightforest:skeleton_druid":1,"minecraft:cave_spider":1,"minecraft:witch":1,"minecraft:zombie":2,"alexsmobs:grizzly_bear":1,"minecraft:player":1,"twilightforest:winter_wolf":1,"minecraft:skeleton":2},"minecraft:dropped":{"minecraft:iron_sword":1,"minecraft:brown_mushroom":1,"minecraft:oak_log":6,"minecraft:glass_bottle":1,"minecraft:diamond":1,"minecraft:cooked_porkchop":4,"minecraft:leather":4,"minecraft:flint":1,"minecraft:dirt":2,"twilightforest:firefly":1,"minecraft:sand":1,"minecraft:white_wool":3,"minecraft:gold_ingot":1,"minecraft:music_disc_blocks":1,"minecraft:gravel":4,"minecraft:stone_axe":1,"minecraft:wheat":1,"minecraft:birch_sapling":1,"minecraft:pointed_dripstone":2,"artifacts:villager_hat":1,"minecraft:cooked_mutton":4,"twilightforest:torchberries":2,"minecraft:melon_seeds":1,"biomesoplenty:wildflower":3,"minecraft:arrow":2,"minecraft:written_book":1,"minecraft:bread":1,"minecraft:wheat_seeds":25,"minecraft:deepslate_brick_wall":1,"alexsmobs:boiled_emu_egg":1,"minecraft:feather":4,"minecraft:cobblestone":71,"twilightforest:canopy_log":3,"minecraft:coal":67,"minecraft:polished_andesite":2,"biomesoplenty:orange_sand":1,"minecraft:gray_wool":1,"minecraft:torch":9,"minecraft:melon_slice":42,"minecraft:potion":4,"minecraft:mud":2,"sophisticatedbackpacks:jukebox_upgrade":1,"minecraft:string":25,"cold_sweat:thermometer":1,"minecraft:lily_pad":1,"minecraft:raw_iron":3,"minecraft:wooden_shovel":3,"minecraft:spider_eye":4,"minecraft:brown_carpet":1,"minecraft:magenta_dye":3,"minecraft:stone_pickaxe":1,"minecraft:magma_block":7},"minecraft:broken":{"minecraft:wooden_shovel":1,"minecraft:stone_pickaxe":3,"minecraft:stone_axe":2,"minecraft:wooden_axe":1,"minecraft:iron_pickaxe":2},"minecraft:custom":{"minecraft:interact_with_crafting_table":84,"minecraft:open_barrel":2,"minecraft:leave_game":6,"minecraft:time_since_death":68950,"minecraft:sprint_one_cm":1497815,"minecraft:damage_blocked_by_shield":770,"minecraft:drop":102,"minecraft:talked_to_villager":7,"minecraft:play_time":772514,"minecraft:deaths":14,"minecraft:jump":3722,"minecraft:interact_with_brewingstand":2,"minecraft:walk_on_water_one_cm":160790,"minecraft:interact_with_furnace":116,"minecraft:traded_with_villager":1,"minecraft:sleep_in_bed":17,"minecraft:waystone_activated":5,"minecraft:damage_dealt":9495,"minecraft:player_kills":1,"minecraft:crouch_one_cm":9042,"minecraft:interact_with_smoker":4,"minecraft:horse_one_cm":8,"minecraft:interact_with_smithing_table":2,"minecraft:mob_kills":67,"minecraft:interact_with_campfire":7,"minecraft:damage_dealt_resisted":152,"minecraft:climb_one_cm":21034,"minecraft:walk_one_cm":2906018,"minecraft:damage_dealt_absorbed":84,"minecraft:sneak_time":9010,"minecraft:walk_under_water_one_cm":59321,"minecraft:interact_with_blast_furnace":1,"minecraft:total_world_time":772514,"minecraft:pot_flower":1,"minecraft:time_since_rest":3763,"minecraft:damage_taken":7740,"minecraft:swim_one_cm":33316,"minecraft:fly_one_cm":3709424,"minecraft:open_chest":68,"minecraft:fish_caught":5,"minecraft:fall_one_cm":53996},"minecraft:picked_up":{"minecraft:wheat":7,"minecraft:flower_pot":1,"artifacts:bunny_hoppers":1,"minecraft:oak_stairs":7,"minecraft:potion":9,"minecraft:amethyst_block":4,"minecraft:string":33,"minecraft:raw_copper":29,"minecraft:oak_sign":2,"minecraft:gold_nugget":2,"minecraft:cobbled_deepslate":318,"minecraft:written_book":1,"minecraft:calcite":2,"minecraft:wooden_shovel":2,"minecraft:iron_pickaxe":1,"biomesoplenty:redwood_wood":83,"minecraft:melon_slice":103,"minecraft:iron_boots":1,"minecraft:furnace":3,"minecraft:stick":62,"minecraft:deepslate_brick_wall":1,"twilightforest:oak_banister":3,"minecraft:torch":4,"minecraft:green_bed":1,"minecraft:porkchop":6,"minecraft:pointed_dripstone":2,"minecraft:diorite":83,"minecraft:brown_carpet":1,"minecraft:stone_sword":1,"minecraft:rotten_flesh":10,"minecraft:light_blue_wool":3,"artifacts:villager_hat":1,"alexsmobs:emu_egg":2,"minecraft:cod":4,"alexsmobs:lobster_tail":2,"minecraft:cobblestone":420,"biomesoplenty:lavender":2,"minecraft:birch_log":6,"minecraft:magma_block":26,"minecraft:lilac":1,"minecraft:feather":3,"minecraft:cooked_beef":3,"minecraft:jungle_log":1,"minecraft:andesite":57,"cfm:oak_table":4,"minecraft:flint":2,"minecraft:magenta_dye":3,"minecraft:tuff":37,"minecraft:dirt":271,"twilightforest:canopy_sapling":20,"minecraft:acacia_planks":10,"minecraft:wheat_seeds":43,"minecraft:raw_gold":3,"cfm:door_mat":2,"minecraft:rabbit":1,"minecraft:oak_planks":33,"minecraft:cooked_porkchop":7,"minecraft:sand":18,"twilightforest:canopy_log":21,"cfm:oak_upgraded_fence":7,"minecraft:orange_wool":1,"minecraft:polished_andesite":3,"minecraft:diamond":4,"waystones:waystone":4,"minecraft:granite":27,"minecraft:bread":1,"minecraft:rooted_dirt":2,"minecraft:oak_sapling":66,"minecraft:netherrack":16,"twilightforest:torchberries":3,"minecraft:cocoa_beans":4,"minecraft:mud":2,"minecraft:coarse_dirt":3,"minecraft:allium":1,"minecraft:chicken":2,"minecraft:clay_ball":8,"minecraft:brown_mushroom":3,"biomesoplenty:jacaranda_sapling":1,"minecraft:shield":1,"minecraft:moss_carpet":3,"artifacts:power_glove":1,"cold_sweat:thermometer":1,"cold_sweat:icebox":1,"biomesoplenty:black_sand":13,"minecraft:beef":33,"biomesoplenty:wildflower":8,"minecraft:sugar_cane":14,"minecraft:birch_sapling":1,"minecraft:egg":2,"cfm:white_sofa":1,"minecraft:raw_iron":8,"sophisticatedbackpacks:backpack":1,"minecraft:redstone":66,"twilightforest:firefly":8,"minecraft:arrow":7,"biomesoplenty:jacaranda_log":13,"minecraft:hay_block":2,"biomesoplenty:redwood_sapling":3,"minecraft:mutton":17,"minecraft:white_wool":10,"biomesoplenty:orange_sand":1,"minecraft:salmon":1,"minecraft:leather":18,"minecraft:red_mushroom":1,"cfm:oak_chair":5,"biomesoplenty:jacaranda_door":2,"minecraft:oak_log":175,"minecraft:lily_pad":1,"minecraft:red_carpet":2,"minecraft:apple":5,"artifacts:whoopee_cushion":1,"minecraft:glass_bottle":4,"minecraft:iron_sword":2,"minecraft:oak_slab":6,"minecraft:smooth_basalt":5,"minecraft:dandelion":1,"minecraft:gravel":7,"minecraft:spider_eye":5,"minecraft:gray_wool":1,"minecraft:baked_potato":5,"minecraft:melon_seeds":1,"minecraft:coal":93},"minecraft:killed":{"alexsmobs:lobster":3,"minecraft:cave_spider":3,"minecraft:spider":7,"minecraft:skeleton":1,"minecraft:chicken":2,"artifacts:mimic":1,"minecraft:pig":3,"minecraft:creeper":1,"minecraft:sheep":9,"minecraft:zombie":12,"minecraft:cow":16,"twilightforest:hedge_spider":3,"twilightforest:kobold":2,"alexsmobs:crow":1,"twilightforest:bighorn_sheep":2}},"DataVersion":3465}