{"stats":{"minecraft:killed":{"minecraft:zombie":1,"minecraft:cod":1,"minecraft:salmon":2},"minecraft:used":{"minecraft:wooden_sword":30,"minecraft:crafting_table":1,"minecraft:oak_planks":1},"minecraft:custom":{"minecraft:time_since_rest":258,"minecraft:deaths":1,"minecraft:play_time":6345,"minecraft:sprint_one_cm":23456,"minecraft:damage_taken":270,"minecraft:walk_one_cm":22085,"minecraft:walk_under_water_one_cm":2718,"minecraft:mob_kills":5,"minecraft:jump":51,"minecraft:damage_dealt":614,"minecraft:leave_game":1,"minecraft:time_since_death":175,"minecraft:walk_on_water_one_cm":3424,"minecraft:total_world_time":6345,"minecraft:swim_one_cm":10480,"minecraft:interact_with_crafting_table":2,"minecraft:fall_one_cm":1331,"minecraft:fly_one_cm":8661},"minecraft:crafted":{"minecraft:sugar":4,"minecraft:wooden_sword":1,"minecraft:oak_planks":12,"minecraft:crafting_table":1,"minecraft:stick":4},"minecraft:mined":{"minecraft:oak_log":3,"minecraft:sugar_cane":4,"minecraft:oak_planks":1},"minecraft:picked_up":{"minecraft:bone":1,"minecraft:arrow":1,"minecraft:salmon":2,"minecraft:sand":23,"minecraft:oak_log":3,"minecraft:sugar_cane":4,"minecraft:oak_planks":1}},"DataVersion":3465}