{"stats":{"minecraft:dropped":{"minecraft:cooked_porkchop":4,"minecraft:dirt":2,"sophisticatedbackpacks:jukebox_upgrade":1,"minecraft:string":6,"minecraft:music_disc_blocks":1},"minecraft:mined":{"biomesoplenty:wildflower":10,"biomesoplenty:desert_grass":48,"minecraft:dandelion":1,"minecraft:allium":1,"minecraft:grass_block":166,"minecraft:rose_bush":1,"minecraft:tall_grass":16,"biomesoplenty:sprout":2,"minecraft:oak_planks":3,"biomesoplenty:jacaranda_log":4,"biomesoplenty:lavender":2,"minecraft:lilac":1,"minecraft:moss_carpet":1,"cfm:oak_upgraded_fence":6,"minecraft:grass":218,"biomesoplenty:clover":1,"minecraft:oak_log":54,"minecraft:dirt_path":9,"minecraft:sand":16,"minecraft:dirt":21,"minecraft:oak_leaves":30,"biomesoplenty:reed":1},"minecraft:used":{"biomesoplenty:jacaranda_door":2,"minecraft:glass_bottle":7,"minecraft:oak_planks":114,"minecraft:wooden_pickaxe":11,"biomesoplenty:lavender":1,"biomesoplenty:flowering_oak_sapling":1,"minecraft:wooden_shovel":115,"minecraft:dirt":68,"minecraft:crafting_table":1,"minecraft:oak_log":13,"waystones:waystone":1,"minecraft:wooden_axe":63,"cfm:oak_upgraded_fence":6,"biomesoplenty:jacaranda_log":2,"minecraft:potion":5,"minecraft:cooked_porkchop":2,"minecraft:air":1},"minecraft:broken":{"minecraft:wooden_shovel":1,"minecraft:wooden_axe":1},"minecraft:killed":{"minecraft:zombie":2},"minecraft:crafted":{"minecraft:oak_planks":140,"minecraft:wooden_shovel":3,"biomesoplenty:jacaranda_planks":32,"minecraft:cooked_porkchop":8,"minecraft:crafting_table":2,"minecraft:wooden_pickaxe":1,"minecraft:potion":2,"minecraft:stick":8,"minecraft:wooden_axe":1,"biomesoplenty:jacaranda_door":3,"cfm:oak_upgraded_fence":12,"minecraft:magenta_dye":3},"minecraft:picked_up":{"biomesoplenty:lavender":2,"minecraft:allium":1,"minecraft:lilac":1,"minecraft:potion":2,"minecraft:oak_log":53,"minecraft:dirt":163,"minecraft:moss_carpet":2,"minecraft:wheat_seeds":18,"minecraft:glass_bottle":3,"biomesoplenty:wildflower":5,"minecraft:birch_sapling":1,"minecraft:oak_planks":3,"minecraft:stick":10,"minecraft:cooked_porkchop":1,"minecraft:dandelion":1,"sophisticatedbackpacks:backpack":1,"minecraft:sand":16,"cfm:oak_upgraded_fence":6,"minecraft:stone_sword":1,"biomesoplenty:jacaranda_log":10,"waystones:waystone":1,"minecraft:oak_sapling":7},"minecraft:killed_by":{"minecraft:skeleton":1,"minecraft:zombie":2,"alexsmobs:grizzly_bear":1},"minecraft:custom":{"minecraft:interact_with_furnace":12,"minecraft:mob_kills":3,"minecraft:interact_with_crafting_table":10,"minecraft:damage_dealt_resisted":2,"minecraft:leave_game":1,"minecraft:time_since_death":42718,"minecraft:sleep_in_bed":4,"minecraft:time_since_rest":25116,"minecraft:waystone_activated":1,"minecraft:sprint_one_cm":175026,"minecraft:damage_taken":1070,"minecraft:walk_one_cm":469442,"minecraft:drop":6,"minecraft:damage_dealt":373,"minecraft:damage_dealt_absorbed":3,"minecraft:swim_one_cm":566,"minecraft:fly_one_cm":39015,"minecraft:open_chest":3,"minecraft:crouch_one_cm":135,"minecraft:play_time":93465,"minecraft:deaths":4,"minecraft:sneak_time":1115,"minecraft:walk_under_water_one_cm":1019,"minecraft:jump":608,"minecraft:walk_on_water_one_cm":10410,"minecraft:total_world_time":93465,"minecraft:fall_one_cm":4613}},"DataVersion":3465}