{"stats":{"minecraft:broken":{"minecraft:wooden_shovel":1,"minecraft:stone_pickaxe":1,"minecraft:stone_axe":2,"minecraft:iron_pickaxe":1,"minecraft:wooden_axe":1},"minecraft:custom":{"minecraft:mob_kills":38,"minecraft:interact_with_crafting_table":48,"minecraft:damage_dealt_resisted":2,"minecraft:leave_game":3,"minecraft:time_since_death":135681,"minecraft:climb_one_cm":9977,"minecraft:sprint_one_cm":724633,"minecraft:walk_one_cm":1702512,"minecraft:damage_blocked_by_shield":530,"minecraft:drop":74,"minecraft:damage_dealt_absorbed":3,"minecraft:play_time":404533,"minecraft:deaths":8,"minecraft:sneak_time":4516,"minecraft:walk_under_water_one_cm":37690,"minecraft:jump":1900,"minecraft:walk_on_water_one_cm":96434,"minecraft:total_world_time":404533,"minecraft:interact_with_furnace":75,"minecraft:pot_flower":1,"minecraft:sleep_in_bed":10,"minecraft:time_since_rest":1435,"minecraft:waystone_activated":1,"minecraft:damage_taken":4325,"minecraft:damage_dealt":4301,"minecraft:player_kills":1,"minecraft:swim_one_cm":5366,"minecraft:fly_one_cm":1987961,"minecraft:open_chest":33,"minecraft:crouch_one_cm":4772,"minecraft:fish_caught":2,"minecraft:interact_with_smoker":3,"minecraft:fall_one_cm":16906},"minecraft:mined":{"biomesoplenty:mossy_black_sand":5,"twilightforest:firefly":8,"minecraft:red_carpet":2,"biomesoplenty:desert_grass":49,"minecraft:granite":38,"minecraft:allium":1,"minecraft:grass_block":175,"minecraft:jungle_log":1,"minecraft:rooted_dirt":1,"biomesoplenty:jacaranda_log":4,"minecraft:redstone_ore":13,"minecraft:furnace":1,"minecraft:iron_ore":3,"biomesoplenty:lavender":2,"minecraft:andesite":14,"minecraft:moss_carpet":1,"cfm:oak_upgraded_fence":7,"minecraft:potted_dandelion":1,"minecraft:vine":3,"minecraft:dirt_path":12,"biomesoplenty:jacaranda_door":2,"cfm:white_sofa":1,"minecraft:stone":246,"minecraft:potted_orange_tulip":1,"minecraft:green_bed":1,"twilightforest:root_strand":3,"minecraft:brown_mushroom":2,"minecraft:brown_carpet":1,"biomesoplenty:wildflower":11,"biomesoplenty:black_sand":8,"minecraft:dandelion":1,"minecraft:clay":2,"twilightforest:torchberry_plant":1,"minecraft:melon":11,"minecraft:rose_bush":1,"minecraft:cobblestone":1,"minecraft:tall_grass":27,"minecraft:copper_ore":8,"cold_sweat:icebox":1,"biomesoplenty:sprout":2,"biomesoplenty:huge_clover_petal":4,"minecraft:sugar_cane":9,"minecraft:oak_planks":12,"twilightforest:mayapple":5,"minecraft:diorite":1,"minecraft:coarse_dirt":4,"cfm:oak_chair":1,"minecraft:wheat":6,"minecraft:lilac":1,"twilightforest:root":1,"minecraft:grass":278,"biomesoplenty:clover":1,"minecraft:oak_log":148,"minecraft:coal_ore":68,"minecraft:cocoa":2,"minecraft:sand":16,"minecraft:dirt":39,"minecraft:cobweb":2,"minecraft:stone_bricks":6,"minecraft:mossy_stone_bricks":2,"minecraft:polished_andesite":1,"minecraft:fern":6,"twilightforest:canopy_log":37,"minecraft:gold_ore":1,"biomesoplenty:redwood_wood":83,"minecraft:oak_leaves":47,"biomesoplenty:reed":1},"minecraft:crafted":{"minecraft:oak_planks":360,"minecraft:fishing_rod":1,"minecraft:lightning_rod":1,"minecraft:cooked_mutton":16,"cfm:white_sofa":2,"cfm:oak_blinds":2,"minecraft:stone_pickaxe":2,"cfm:oak_table":4,"biomesoplenty:jacaranda_door":3,"cold_sweat:sewing_table":1,"minecraft:magenta_dye":3,"minecraft:cooked_beef":12,"minecraft:wooden_shovel":3,"biomesoplenty:jacaranda_planks":32,"minecraft:cooked_porkchop":8,"alexsmobs:cooked_lobster_tail":1,"minecraft:crafting_table":3,"biomesoplenty:redwood_planks":76,"minecraft:wooden_pickaxe":1,"alexsmobs:boiled_emu_egg":2,"minecraft:copper_ingot":18,"minecraft:stone_axe":2,"minecraft:jungle_planks":4,"cold_sweat:thermometer":1,"minecraft:potion":34,"minecraft:stick":8,"minecraft:oak_stairs":4,"minecraft:wooden_axe":1,"minecraft:stone_sword":1,"cfm:oak_bedside_cabinet":2,"minecraft:gold_ingot":3,"cfm:oak_upgraded_fence":24,"cfm:oak_chair":4,"minecraft:torch":28},"minecraft:killed_by":{"minecraft:player":1,"twilightforest:skeleton_druid":1,"twilightforest:winter_wolf":1,"minecraft:skeleton":1,"minecraft:zombie":2,"alexsmobs:grizzly_bear":1},"minecraft:picked_up":{"minecraft:cocoa_beans":4,"minecraft:mud":2,"minecraft:coarse_dirt":3,"minecraft:wheat":7,"minecraft:allium":1,"minecraft:chicken":2,"minecraft:clay_ball":8,"minecraft:flower_pot":1,"minecraft:brown_mushroom":2,"minecraft:potion":4,"minecraft:shield":1,"minecraft:string":20,"minecraft:moss_carpet":3,"minecraft:raw_copper":29,"cold_sweat:thermometer":1,"cold_sweat:icebox":1,"biomesoplenty:black_sand":13,"minecraft:gold_nugget":2,"minecraft:beef":20,"minecraft:written_book":1,"minecraft:wooden_shovel":2,"minecraft:melon_slice":54,"minecraft:iron_pickaxe":1,"biomesoplenty:redwood_wood":83,"biomesoplenty:wildflower":8,"minecraft:sugar_cane":14,"minecraft:birch_sapling":1,"minecraft:iron_boots":1,"minecraft:furnace":3,"cfm:white_sofa":1,"minecraft:raw_iron":3,"minecraft:stick":53,"minecraft:torch":2,"minecraft:green_bed":1,"sophisticatedbackpacks:backpack":1,"minecraft:redstone":56,"twilightforest:firefly":8,"minecraft:brown_carpet":1,"minecraft:stone_sword":1,"minecraft:light_blue_wool":3,"biomesoplenty:jacaranda_log":10,"alexsmobs:emu_egg":2,"biomesoplenty:redwood_sapling":3,"minecraft:cod":1,"minecraft:mutton":17,"minecraft:cobblestone":244,"alexsmobs:lobster_tail":2,"minecraft:white_wool":9,"biomesoplenty:lavender":2,"minecraft:feather":2,"minecraft:cooked_beef":2,"minecraft:lilac":1,"minecraft:salmon":1,"minecraft:jungle_log":1,"minecraft:andesite":12,"minecraft:leather":5,"cfm:oak_chair":1,"biomesoplenty:jacaranda_door":2,"minecraft:magenta_dye":3,"minecraft:oak_log":140,"minecraft:lily_pad":1,"minecraft:dirt":199,"twilightforest:canopy_sapling":20,"minecraft:red_carpet":2,"minecraft:acacia_planks":10,"minecraft:apple":2,"minecraft:wheat_seeds":41,"minecraft:raw_gold":3,"artifacts:whoopee_cushion":1,"minecraft:rabbit":1,"minecraft:glass_bottle":3,"minecraft:oak_planks":12,"minecraft:iron_sword":2,"minecraft:cooked_porkchop":1,"minecraft:dandelion":1,"minecraft:sand":17,"twilightforest:canopy_log":21,"cfm:oak_upgraded_fence":7,"minecraft:orange_wool":1,"minecraft:spider_eye":4,"minecraft:polished_andesite":3,"minecraft:diamond":1,"waystones:waystone":1,"minecraft:granite":26,"minecraft:gray_wool":1,"minecraft:rooted_dirt":2,"minecraft:oak_sapling":49,"twilightforest:torchberries":3,"minecraft:coal":68},"minecraft:used":{"minecraft:stone_sword":151,"minecraft:shield":14,"minecraft:iron_sword":39,"twilightforest:canopy_sapling":2,"minecraft:wooden_shovel":115,"minecraft:torch":9,"minecraft:dirt":165,"cfm:oak_blinds":2,"cfm:oak_table":4,"minecraft:wooden_axe":63,"cfm:oak_bedside_cabinet":2,"minecraft:oak_stairs":4,"minecraft:rooted_dirt":2,"alexsmobs:cooked_lobster_tail":1,"cold_sweat:icebox":1,"biomesoplenty:jacaranda_log":2,"minecraft:written_book":1,"minecraft:furnace":2,"minecraft:potato":6,"minecraft:cooked_beef":10,"alexsmobs:boiled_emu_egg":1,"minecraft:cooked_mutton":12,"biomesoplenty:jacaranda_door":5,"minecraft:rabbit":1,"minecraft:glass_bottle":60,"minecraft:stone_pickaxe":141,"minecraft:oak_planks":311,"minecraft:wooden_pickaxe":40,"biomesoplenty:lavender":1,"biomesoplenty:flowering_oak_sapling":1,"minecraft:green_bed":1,"minecraft:crafting_table":2,"twilightforest:canopy_log":2,"minecraft:cod":1,"minecraft:lightning_rod":1,"cfm:oak_chair":5,"minecraft:oak_log":45,"waystones:waystone":1,"minecraft:flower_pot":1,"minecraft:apple":2,"twilightforest:firefly":8,"cfm:white_sofa":3,"minecraft:melon_slice":12,"minecraft:chicken":2,"cold_sweat:sewing_table":1,"minecraft:bread":1,"minecraft:iron_pickaxe":254,"cfm:oak_upgraded_fence":31,"minecraft:stone_axe":299,"minecraft:fishing_rod":6,"minecraft:cobblestone":56,"minecraft:potion":59,"minecraft:cooked_porkchop":5,"minecraft:coarse_dirt":3,"minecraft:bone_meal":1,"minecraft:air":6},"minecraft:killed":{"alexsmobs:lobster":3,"minecraft:spider":4,"minecraft:chicken":2,"twilightforest:hedge_spider":3,"twilightforest:kobold":2,"minecraft:sheep":9,"minecraft:zombie":3,"twilightforest:bighorn_sheep":2,"minecraft:cow":9},"minecraft:dropped":{"minecraft:iron_sword":1,"minecraft:wheat_seeds":23,"minecraft:oak_log":6,"minecraft:diamond":1,"minecraft:cooked_porkchop":4,"minecraft:feather":3,"minecraft:cobblestone":7,"alexsmobs:boiled_emu_egg":1,"minecraft:leather":4,"twilightforest:canopy_log":3,"minecraft:coal":67,"minecraft:polished_andesite":2,"minecraft:dirt":2,"minecraft:gray_wool":1,"twilightforest:firefly":1,"minecraft:torch":9,"minecraft:melon_slice":42,"minecraft:potion":4,"minecraft:mud":2,"sophisticatedbackpacks:jukebox_upgrade":1,"minecraft:string":16,"minecraft:lily_pad":1,"cold_sweat:thermometer":1,"minecraft:white_wool":1,"minecraft:gold_ingot":1,"minecraft:music_disc_blocks":1,"minecraft:birch_sapling":1,"minecraft:raw_iron":3,"minecraft:cooked_mutton":4,"twilightforest:torchberries":1,"minecraft:wooden_shovel":3,"minecraft:spider_eye":4,"minecraft:magenta_dye":3,"minecraft:written_book":1}},"DataVersion":3465}