{"stats":{"minecraft:broken":{"minecraft:iron_helmet":1,"minecraft:stone_shovel":1},"minecraft:custom":{"minecraft:interact_with_smithing_table":1,"minecraft:mob_kills":59,"minecraft:interact_with_crafting_table":39,"minecraft:open_barrel":9,"minecraft:leave_game":2,"minecraft:time_since_death":46633,"minecraft:climb_one_cm":637,"minecraft:sprint_one_cm":942711,"minecraft:walk_one_cm":881401,"minecraft:damage_blocked_by_shield":420,"minecraft:drop":29,"minecraft:talked_to_villager":1,"minecraft:play_time":244127,"minecraft:deaths":10,"minecraft:sneak_time":4169,"minecraft:walk_under_water_one_cm":25135,"minecraft:jump":2292,"minecraft:walk_on_water_one_cm":25517,"minecraft:total_world_time":244127,"minecraft:interact_with_furnace":122,"minecraft:sleep_in_bed":7,"minecraft:time_since_rest":12290,"minecraft:waystone_activated":1,"minecraft:damage_taken":4280,"minecraft:damage_dealt":11439,"minecraft:swim_one_cm":911,"minecraft:fly_one_cm":432604,"minecraft:open_chest":60,"minecraft:crouch_one_cm":8477,"minecraft:interact_with_smoker":2,"minecraft:fall_one_cm":46149},"minecraft:mined":{"minecraft:deepslate_diamond_ore":1,"biomesoplenty:desert_grass":18,"minecraft:glow_lichen":1,"minecraft:acacia_log":9,"minecraft:grass_block":161,"biomesoplenty:jacaranda_log":6,"minecraft:iron_ore":24,"minecraft:fire":2,"minecraft:andesite":1,"minecraft:deepslate_lapis_ore":4,"biomesoplenty:hanging_cobweb":1,"minecraft:deepslate_iron_ore":3,"biomesoplenty:webbing":9,"minecraft:stripped_acacia_log":3,"biomesoplenty:spider_egg":1,"minecraft:stone":73,"minecraft:smithing_table":1,"minecraft:smoker":1,"biomesoplenty:wildflower":26,"minecraft:crafting_table":2,"minecraft:torch":3,"minecraft:rose_bush":5,"minecraft:tall_grass":5,"minecraft:cobblestone":14,"biomesoplenty:sprout":1,"minecraft:lapis_ore":6,"minecraft:oak_planks":2,"minecraft:sugar_cane":8,"twilightforest:mangrove_chest":1,"minecraft:wall_torch":8,"minecraft:mud":1,"minecraft:birch_log":19,"minecraft:grass":137,"biomesoplenty:clover":1,"minecraft:oak_log":90,"minecraft:dirt":20,"minecraft:oak_leaves":14,"minecraft:deepslate":16},"minecraft:crafted":{"minecraft:oak_planks":112,"minecraft:cobblestone_slab":6,"minecraft:stone_shovel":1,"minecraft:furnace":2,"minecraft:bone_meal":6,"cold_sweat:icebox":1,"minecraft:cooked_mutton":8,"minecraft:glass":16,"minecraft:iron_boots":2,"minecraft:stone_pickaxe":2,"minecraft:chest":2,"cold_sweat:waterskin":4,"minecraft:water_bucket":5,"minecraft:stone_hoe":1,"minecraft:cooked_beef":12,"minecraft:red_dye":2,"minecraft:glass_bottle":15,"sophisticatedbackpacks:backpack":1,"minecraft:cooked_porkchop":2,"minecraft:crafting_table":4,"minecraft:wooden_pickaxe":1,"minecraft:iron_sword":2,"minecraft:red_bed":1,"minecraft:birch_planks":76,"minecraft:campfire":1,"minecraft:stone_axe":1,"minecraft:air":0,"minecraft:potion":45,"minecraft:white_wool":1,"minecraft:charcoal":7,"minecraft:shield":2,"minecraft:stick":52,"minecraft:iron_ingot":28,"minecraft:iron_pickaxe":2,"minecraft:stone_sword":2,"minecraft:white_bed":3,"minecraft:redstone_torch":5,"minecraft:acacia_planks":20,"minecraft:torch":88,"minecraft:shears":1},"minecraft:killed_by":{"minecraft:enderman":1,"minecraft:skeleton":2,"alexsmobs:grizzly_bear":4},"minecraft:picked_up":{"minecraft:mud":1,"minecraft:crafting_table":2,"minecraft:chainmail_boots":1,"minecraft:chicken":1,"minecraft:golden_pickaxe":1,"minecraft:smithing_table":1,"biomesoplenty:jacaranda_sapling":1,"minecraft:string":10,"minecraft:cobbled_deepslate":16,"minecraft:beef":7,"minecraft:rose_bush":3,"minecraft:iron_pickaxe":1,"biomesoplenty:wildflower":32,"minecraft:sugar_cane":20,"minecraft:birch_sapling":8,"minecraft:egg":2,"minecraft:raw_iron":26,"minecraft:stick":22,"minecraft:music_disc_blocks":1,"minecraft:torch":11,"minecraft:acacia_log":9,"sophisticatedbackpacks:backpack":2,"artifacts:vampiric_glove":1,"minecraft:porkchop":10,"minecraft:light_blue_wool":3,"minecraft:arrow":5,"minecraft:rotten_flesh":27,"biomesoplenty:jacaranda_log":6,"alexsmobs:boiled_emu_egg":1,"minecraft:mutton":9,"alexsmobs:flying_fish":2,"minecraft:white_wool":10,"minecraft:cobblestone":85,"minecraft:birch_log":19,"minecraft:feather":1,"minecraft:andesite":4,"minecraft:leather":8,"minecraft:smoker":1,"minecraft:oak_log":96,"minecraft:gunpowder":4,"minecraft:lapis_lazuli":65,"minecraft:dirt":251,"minecraft:cooked_mutton":2,"minecraft:bone":8,"minecraft:apple":4,"minecraft:wheat_seeds":39,"artifacts:whoopee_cushion":1,"twilightforest:mangrove_chest":1,"minecraft:oak_planks":2,"minecraft:iron_sword":1,"minecraft:acacia_sapling":5,"minecraft:cooked_porkchop":4,"twilightforest:canopy_log":9,"sophisticatedbackpacks:jukebox_upgrade":1,"minecraft:white_bed":1,"minecraft:grass_block":1,"minecraft:spider_eye":1,"biomesoplenty:flowering_oak_sapling":1,"minecraft:stripped_acacia_log":3,"minecraft:diamond":1,"minecraft:iron_helmet":1,"minecraft:oak_sapling":26,"minecraft:coal":67},"minecraft:used":{"minecraft:rose_bush":1,"minecraft:stone_sword":136,"minecraft:acacia_log":3,"minecraft:stone_shovel":214,"minecraft:chest":1,"minecraft:shield":13,"minecraft:iron_sword":164,"twilightforest:mangrove_chest":1,"minecraft:stone_hoe":46,"minecraft:rotten_flesh":11,"minecraft:torch":87,"minecraft:dirt":53,"minecraft:mutton":1,"minecraft:iron_axe":14,"cold_sweat:icebox":1,"biomesoplenty:jacaranda_sapling":1,"minecraft:beef":1,"minecraft:furnace":2,"minecraft:cooked_beef":7,"minecraft:cobbled_deepslate":12,"alexsmobs:boiled_emu_egg":1,"minecraft:wheat_seeds":32,"minecraft:cooked_mutton":10,"minecraft:water_bucket":9,"minecraft:oak_planks":33,"minecraft:glass_bottle":63,"minecraft:stone_pickaxe":39,"minecraft:wooden_pickaxe":11,"minecraft:crafting_table":6,"minecraft:red_bed":1,"minecraft:campfire":1,"minecraft:white_bed":3,"biomesoplenty:wildflower":12,"minecraft:smoker":1,"minecraft:redstone_torch":5,"minecraft:oak_log":4,"minecraft:diamond_pickaxe":27,"minecraft:apple":3,"minecraft:chicken":1,"minecraft:bread":1,"minecraft:iron_pickaxe":77,"minecraft:stone_axe":147,"minecraft:potion":54,"minecraft:cobblestone":44,"minecraft:cooked_porkchop":5,"minecraft:bucket":9,"minecraft:air":2,"minecraft:bone_meal":5},"minecraft:killed":{"minecraft:cave_spider":1,"minecraft:spider":4,"minecraft:skeleton":6,"minecraft:chicken":1,"alexsmobs:flying_fish":1,"artifacts:mimic":2,"minecraft:pig":4,"alexsmobs:grizzly_bear":1,"minecraft:creeper":3,"minecraft:sheep":6,"minecraft:zombie":16,"minecraft:cow":3,"minecraft:enderman":3},"minecraft:dropped":{"minecraft:iron_sword":2,"minecraft:glass_bottle":3,"minecraft:diamond":1,"minecraft:cooked_porkchop":1,"minecraft:cobblestone":3,"artifacts:whoopee_cushion":1,"biomesoplenty:jacaranda_log":6,"minecraft:dirt":1,"minecraft:potion":2,"minecraft:iron_pickaxe":1,"minecraft:stone_sword":1,"minecraft:birch_sapling":4,"cold_sweat:filled_waterskin":1,"minecraft:rotten_flesh":1,"minecraft:iron_boots":1,"sophisticatedbackpacks:backpack":2,"minecraft:shield":1,"minecraft:andesite":2}},"DataVersion":3465}