{"stats":{"minecraft:broken":{"minecraft:iron_boots":1,"minecraft:iron_sword":1,"minecraft:stone_shovel":1,"minecraft:shield":1,"minecraft:iron_helmet":1},"minecraft:custom":{"minecraft:interact_with_crafting_table":112,"minecraft:open_barrel":10,"minecraft:leave_game":4,"minecraft:time_since_death":70333,"minecraft:sprint_one_cm":2324161,"minecraft:damage_blocked_by_shield":2100,"minecraft:drop":59,"minecraft:talked_to_villager":6,"minecraft:play_time":563140,"minecraft:deaths":32,"minecraft:jump":5035,"minecraft:interact_with_brewingstand":2,"minecraft:walk_on_water_one_cm":70278,"minecraft:interact_with_furnace":208,"minecraft:sleep_in_bed":14,"minecraft:waystone_activated":4,"minecraft:damage_dealt":29043,"minecraft:player_kills":1,"minecraft:crouch_one_cm":19481,"minecraft:interact_with_smoker":2,"minecraft:horse_one_cm":879718,"minecraft:interact_with_smithing_table":10,"minecraft:mob_kills":157,"minecraft:interact_with_campfire":3,"minecraft:damage_dealt_resisted":240,"minecraft:climb_one_cm":8065,"minecraft:walk_one_cm":1726012,"minecraft:damage_dealt_absorbed":152,"minecraft:sneak_time":7803,"minecraft:walk_under_water_one_cm":47048,"minecraft:boat_one_cm":17145,"minecraft:total_world_time":563140,"minecraft:time_since_rest":52339,"minecraft:damage_taken":16005,"minecraft:damage_absorbed":40,"minecraft:trigger_trapped_chest":2,"minecraft:swim_one_cm":41141,"minecraft:fly_one_cm":1571635,"minecraft:open_chest":216,"minecraft:fall_one_cm":146446},"minecraft:mined":{"minecraft:brewing_stand":1,"minecraft:granite":1,"minecraft:acacia_log":24,"minecraft:grass_block":179,"minecraft:iron_ore":43,"minecraft:fire":7,"minecraft:deepslate_lapis_ore":4,"biomesoplenty:hanging_cobweb":1,"biomesoplenty:webbing":13,"minecraft:iron_bars":2,"cfm:stripped_oak_cabinet":2,"minecraft:deepslate_redstone_ore":3,"minecraft:smoker":1,"biomesoplenty:wildflower":26,"minecraft:torch":11,"minecraft:cobblestone":26,"minecraft:sugar_cane":8,"minecraft:oak_planks":3,"minecraft:wall_torch":21,"twilightforest:mangrove_chest":1,"minecraft:mud":1,"minecraft:birch_log":19,"minecraft:wheat":59,"minecraft:tnt":1,"minecraft:grass":221,"biomesoplenty:clover":1,"minecraft:oak_log":139,"minecraft:sand":2,"minecraft:dirt":57,"minecraft:oak_leaves":23,"minecraft:deepslate":131,"twilightforest:firefly":1,"minecraft:tuff":15,"minecraft:deepslate_diamond_ore":2,"biomesoplenty:desert_grass":19,"minecraft:glow_lichen":1,"biomesoplenty:bush":3,"minecraft:rooted_dirt":1,"minecraft:hay_block":11,"biomesoplenty:jacaranda_log":6,"minecraft:furnace":2,"biomesoplenty:toadstool":1,"minecraft:andesite":5,"minecraft:potatoes":3,"minecraft:deepslate_iron_ore":29,"minecraft:stripped_acacia_log":3,"minecraft:stripped_oak_log":15,"biomesoplenty:spider_egg":2,"minecraft:stone":257,"minecraft:smithing_table":2,"minecraft:dandelion":1,"minecraft:crafting_table":9,"minecraft:rose_bush":5,"minecraft:tall_grass":10,"minecraft:copper_ore":2,"minecraft:lapis_ore":10,"biomesoplenty:sprout":1,"minecraft:deepslate_gold_ore":17,"cfm:stripped_oak_kitchen_drawer":2,"twilightforest:mayapple":2,"minecraft:diorite":16,"minecraft:white_carpet":1,"minecraft:coal_ore":25,"minecraft:gravel":24,"minecraft:cobweb":2,"minecraft:cracked_stone_bricks":2,"minecraft:acacia_planks":2,"minecraft:stone_bricks":2,"minecraft:gold_ore":2},"minecraft:crafted":{"minecraft:oak_planks":260,"minecraft:cobblestone_slab":6,"cold_sweat:icebox":1,"minecraft:bookshelf":1,"minecraft:cooked_mutton":9,"minecraft:glass":50,"minecraft:iron_boots":2,"sophisticatedbackpacks:tank_upgrade":1,"minecraft:chest":7,"cold_sweat:waterskin":4,"minecraft:acacia_fence":18,"minecraft:water_bucket":8,"minecraft:stone_hoe":1,"minecraft:glass_bottle":33,"sophisticatedbackpacks:backpack":1,"minecraft:cooked_porkchop":2,"minecraft:crafting_table":11,"minecraft:acacia_slab":6,"minecraft:wooden_pickaxe":5,"minecraft:iron_helmet":1,"minecraft:birch_planks":76,"minecraft:campfire":2,"sophisticatedbackpacks:upgrade_base":1,"minecraft:lectern":1,"minecraft:iron_chestplate":1,"minecraft:book":3,"minecraft:paper":9,"minecraft:charcoal":10,"minecraft:shield":2,"minecraft:stick":108,"minecraft:iron_ingot":76,"minecraft:iron_pickaxe":2,"minecraft:stone_sword":2,"cfm:stripped_oak_kitchen_drawer":4,"minecraft:redstone_torch":6,"minecraft:shears":1,"minecraft:wooden_sword":1,"minecraft:stone_shovel":1,"minecraft:furnace":5,"minecraft:bone_meal":75,"minecraft:flint_and_steel":1,"minecraft:stone_pickaxe":4,"twilightforest:canopy_planks":20,"minecraft:cooked_beef":12,"minecraft:red_dye":2,"minecraft:diamond_sword":1,"cfm:stripped_oak_cabinet":2,"minecraft:iron_sword":3,"minecraft:red_bed":1,"minecraft:bucket":1,"minecraft:stone_axe":1,"minecraft:bread":21,"minecraft:air":0,"minecraft:oak_boat":1,"minecraft:potion":95,"minecraft:white_wool":1,"minecraft:iron_leggings":1,"minecraft:white_bed":3,"minecraft:acacia_planks":80,"minecraft:torch":212},"minecraft:killed_by":{"minecraft:creeper":1,"twilightforest:kobold":1,"minecraft:cave_spider":1,"minecraft:zombie":9,"alexsmobs:grizzly_bear":4,"minecraft:player":1,"minecraft:spider":1,"minecraft:enderman":2,"minecraft:skeleton":6},"minecraft:picked_up":{"minecraft:wheat":70,"minecraft:chainmail_boots":1,"artifacts:bunny_hoppers":1,"minecraft:smithing_table":2,"minecraft:potion":9,"minecraft:brewing_stand":1,"minecraft:string":46,"minecraft:raw_copper":9,"minecraft:cobbled_deepslate":203,"minecraft:rose_bush":3,"minecraft:written_book":1,"minecraft:iron_pickaxe":1,"minecraft:melon_slice":39,"minecraft:furnace":1,"minecraft:stick":35,"minecraft:music_disc_blocks":1,"minecraft:torch":41,"minecraft:acacia_log":23,"minecraft:porkchop":10,"minecraft:diorite":16,"minecraft:rotten_flesh":65,"minecraft:light_blue_wool":3,"alexsmobs:boiled_emu_egg":1,"minecraft:iron_bars":6,"alexsmobs:flying_fish":2,"minecraft:cobblestone":260,"minecraft:birch_log":19,"minecraft:lilac":9,"minecraft:feather":3,"minecraft:cooked_beef":3,"minecraft:andesite":8,"minecraft:brown_wool":1,"minecraft:smoker":1,"minecraft:potato":13,"minecraft:flint":4,"minecraft:tuff":15,"minecraft:lapis_lazuli":92,"minecraft:dirt":456,"minecraft:bone":55,"minecraft:acacia_planks":10,"minecraft:bow":4,"minecraft:wheat_seeds":286,"minecraft:raw_gold":17,"twilightforest:mangrove_chest":1,"minecraft:oak_planks":3,"biomesoplenty:toadstool":1,"minecraft:cooked_porkchop":4,"minecraft:sand":1,"twilightforest:canopy_log":12,"sophisticatedbackpacks:jukebox_upgrade":1,"minecraft:grass_block":2,"minecraft:stripped_acacia_log":3,"minecraft:sugar":1,"minecraft:diamond":2,"waystones:waystone":2,"minecraft:granite":2,"twilightforest:arctic_fur":2,"alexsmobs:maggot":2,"minecraft:oak_sapling":54,"twilightforest:torchberries":8,"sophisticatedbackpacks:gold_backpack":1,"minecraft:crafting_table":9,"minecraft:mud":3,"minecraft:chicken":1,"cfm:stripped_oak_cabinet":2,"minecraft:golden_pickaxe":1,"minecraft:leather_leggings":1,"minecraft:wooden_pickaxe":1,"biomesoplenty:jacaranda_sapling":1,"minecraft:white_carpet":1,"cold_sweat:thermometer":1,"minecraft:beef":10,"minecraft:chest":1,"biomesoplenty:wildflower":32,"minecraft:sugar_cane":20,"minecraft:birch_sapling":8,"minecraft:egg":4,"cfm:stripped_oak_kitchen_drawer":6,"minecraft:raw_iron":74,"minecraft:bowl":2,"sophisticatedbackpacks:backpack":3,"artifacts:vampiric_glove":1,"minecraft:redstone":17,"twilightforest:firefly":2,"minecraft:tnt":1,"minecraft:arrow":26,"biomesoplenty:jacaranda_log":6,"minecraft:golden_hoe":1,"minecraft:hay_block":11,"minecraft:gold_ingot":1,"minecraft:mutton":10,"minecraft:white_wool":10,"minecraft:stripped_oak_log":19,"minecraft:glow_ink_sac":18,"minecraft:leather":9,"alexsmobs:acacia_blossom":1,"minecraft:oak_log":172,"minecraft:gunpowder":6,"endrem:undead_soul":1,"minecraft:cooked_mutton":4,"minecraft:apple":6,"minecraft:stone_bricks":2,"artifacts:whoopee_cushion":1,"minecraft:glass_bottle":1,"minecraft:acacia_sapling":7,"minecraft:iron_sword":1,"minecraft:gravel":20,"minecraft:white_bed":1,"minecraft:spider_eye":8,"minecraft:leather_helmet":1,"biomesoplenty:flowering_oak_sapling":1,"minecraft:campfire":1,"minecraft:iron_helmet":1,"minecraft:coal":92},"minecraft:used":{"minecraft:chest":5,"minecraft:shield":60,"minecraft:iron_sword":348,"twilightforest:mangrove_chest":1,"minecraft:rotten_flesh":19,"minecraft:mutton":1,"minecraft:tuff":15,"minecraft:glass":5,"cfm:stripped_oak_kitchen_drawer":2,"minecraft:stone_bricks":2,"minecraft:rabbit_stew":2,"biomesoplenty:jacaranda_sapling":1,"minecraft:bow":14,"minecraft:written_book":1,"minecraft:furnace":5,"minecraft:acacia_fence":16,"minecraft:potato":18,"minecraft:diorite":4,"minecraft:stone_pickaxe":164,"minecraft:oak_planks":43,"minecraft:wooden_pickaxe":35,"minecraft:golden_apple":1,"minecraft:golden_hoe":1,"minecraft:sand":1,"minecraft:mushroom_stew":1,"minecraft:redstone_torch":6,"waystones:waystone":2,"minecraft:bread":24,"minecraft:diamond_sword":215,"minecraft:wooden_sword":28,"minecraft:smithing_table":2,"minecraft:andesite":4,"minecraft:oak_boat":1,"minecraft:air":2,"minecraft:bone_meal":74,"minecraft:rose_bush":1,"minecraft:stone_sword":136,"minecraft:acacia_log":3,"minecraft:flint_and_steel":36,"minecraft:stone_shovel":214,"minecraft:stone_hoe":57,"minecraft:torch":176,"minecraft:brewing_stand":1,"minecraft:dirt":214,"minecraft:granite":1,"alexsmobs:maggot":1,"minecraft:iron_axe":126,"cold_sweat:icebox":1,"minecraft:beef":1,"minecraft:acacia_planks":31,"minecraft:cooked_beef":15,"minecraft:cobbled_deepslate":98,"alexsmobs:boiled_emu_egg":1,"minecraft:wheat_seeds":79,"minecraft:cooked_mutton":13,"minecraft:water_bucket":21,"minecraft:glass_bottle":125,"minecraft:tnt":2,"minecraft:crafting_table":18,"minecraft:red_bed":1,"minecraft:campfire":2,"minecraft:white_bed":3,"biomesoplenty:wildflower":12,"minecraft:smoker":1,"minecraft:oak_log":9,"alexsmobs:flying_fish":2,"minecraft:diamond_pickaxe":378,"minecraft:apple":4,"minecraft:chicken":1,"minecraft:iron_pickaxe":77,"minecraft:stone_axe":147,"minecraft:cobblestone":142,"minecraft:potion":116,"minecraft:cooked_porkchop":6,"minecraft:bucket":23,"minecraft:pumpkin_pie":11,"cfm:stripped_oak_cabinet":4,"minecraft:stripped_oak_log":2,"minecraft:splash_potion":1},"minecraft:killed":{"minecraft:cave_spider":2,"minecraft:witch":1,"minecraft:spider":12,"minecraft:skeleton":26,"minecraft:chicken":1,"minecraft:skeleton_horse":1,"artifacts:mimic":2,"minecraft:pig":4,"alexsmobs:grizzly_bear":1,"minecraft:creeper":5,"twilightforest:skeleton_druid":10,"minecraft:sheep":6,"minecraft:zombie":43,"minecraft:cow":4,"twilightforest:winter_wolf":1,"twilightforest:swarm_spider":2,"twilightforest:hedge_spider":15,"alexsmobs:flying_fish":1,"twilightforest:kobold":3,"twilightforest:bighorn_sheep":1,"minecraft:enderman":4},"minecraft:dropped":{"minecraft:iron_sword":2,"minecraft:oak_log":31,"minecraft:glass_bottle":3,"minecraft:diamond":1,"minecraft:cooked_porkchop":1,"minecraft:dirt":1,"minecraft:mutton":1,"minecraft:sugar":1,"minecraft:iron_pickaxe":1,"minecraft:white_wool":1,"minecraft:cobbled_deepslate":11,"minecraft:wheat":1,"minecraft:birch_sapling":4,"minecraft:rotten_flesh":3,"minecraft:acacia_sapling":2,"minecraft:iron_bars":4,"minecraft:campfire":1,"minecraft:wheat_seeds":105,"minecraft:cobblestone":5,"artifacts:whoopee_cushion":1,"minecraft:stick":2,"biomesoplenty:jacaranda_log":6,"minecraft:light_blue_wool":3,"minecraft:potion":2,"twilightforest:canopy_planks":1,"minecraft:golden_hoe":1,"minecraft:mud":1,"cold_sweat:thermometer":1,"minecraft:acacia_planks":6,"minecraft:stone_sword":1,"minecraft:bowl":1,"cold_sweat:filled_waterskin":1,"minecraft:iron_boots":1,"minecraft:stripped_oak_log":4,"sophisticatedbackpacks:backpack":2,"minecraft:shield":1,"minecraft:andesite":2,"minecraft:oak_sapling":8,"minecraft:bow":2,"minecraft:wooden_pickaxe":2}},"DataVersion":3465}