{"stats":{"minecraft:broken":{"minecraft:iron_sword":1,"minecraft:iron_helmet":1,"minecraft:stone_shovel":1},"minecraft:custom":{"minecraft:interact_with_smithing_table":6,"minecraft:mob_kills":109,"minecraft:interact_with_crafting_table":73,"minecraft:open_barrel":10,"minecraft:leave_game":3,"minecraft:time_since_death":11703,"minecraft:climb_one_cm":1256,"minecraft:sprint_one_cm":1755899,"minecraft:walk_one_cm":1344670,"minecraft:damage_blocked_by_shield":1010,"minecraft:drop":41,"minecraft:talked_to_villager":1,"minecraft:play_time":412105,"minecraft:sneak_time":5938,"minecraft:deaths":21,"minecraft:walk_under_water_one_cm":37183,"minecraft:jump":3855,"minecraft:walk_on_water_one_cm":50642,"minecraft:total_world_time":412105,"minecraft:interact_with_furnace":145,"minecraft:sleep_in_bed":11,"minecraft:time_since_rest":1338,"minecraft:waystone_activated":2,"minecraft:damage_taken":10526,"minecraft:damage_absorbed":40,"minecraft:trigger_trapped_chest":2,"minecraft:damage_dealt":20520,"minecraft:player_kills":1,"minecraft:swim_one_cm":20460,"minecraft:fly_one_cm":1339805,"minecraft:open_chest":123,"minecraft:crouch_one_cm":13739,"minecraft:interact_with_smoker":2,"minecraft:fall_one_cm":95361,"minecraft:horse_one_cm":217942},"minecraft:mined":{"twilightforest:firefly":1,"minecraft:tuff":15,"minecraft:deepslate_diamond_ore":1,"biomesoplenty:desert_grass":18,"minecraft:glow_lichen":1,"minecraft:acacia_log":9,"minecraft:grass_block":168,"minecraft:rooted_dirt":1,"biomesoplenty:jacaranda_log":6,"minecraft:furnace":1,"minecraft:iron_ore":24,"minecraft:fire":7,"minecraft:andesite":4,"minecraft:deepslate_lapis_ore":4,"biomesoplenty:hanging_cobweb":1,"minecraft:deepslate_iron_ore":3,"biomesoplenty:webbing":12,"minecraft:stripped_acacia_log":3,"biomesoplenty:spider_egg":2,"minecraft:stone":213,"minecraft:smithing_table":1,"minecraft:deepslate_redstone_ore":2,"minecraft:smoker":1,"biomesoplenty:wildflower":26,"minecraft:dandelion":1,"minecraft:crafting_table":7,"minecraft:torch":9,"minecraft:diorite":16,"minecraft:copper_ore":2,"minecraft:rose_bush":5,"minecraft:deepslate_gold_ore":17,"minecraft:tall_grass":10,"minecraft:cobblestone":16,"biomesoplenty:sprout":1,"minecraft:lapis_ore":10,"twilightforest:mayapple":2,"minecraft:sugar_cane":8,"minecraft:oak_planks":3,"twilightforest:mangrove_chest":1,"minecraft:wall_torch":19,"minecraft:mud":1,"minecraft:birch_log":19,"minecraft:wheat":43,"minecraft:white_carpet":1,"minecraft:tnt":1,"minecraft:grass":173,"biomesoplenty:clover":1,"minecraft:oak_log":99,"minecraft:gravel":24,"minecraft:sand":2,"minecraft:dirt":39,"minecraft:cobweb":2,"minecraft:gold_ore":2,"minecraft:oak_leaves":22,"minecraft:deepslate":114},"minecraft:crafted":{"minecraft:wooden_sword":1,"minecraft:oak_planks":204,"minecraft:cobblestone_slab":6,"minecraft:stone_shovel":1,"minecraft:furnace":3,"minecraft:bone_meal":75,"cold_sweat:icebox":1,"minecraft:cooked_mutton":8,"minecraft:flint_and_steel":1,"minecraft:glass":16,"minecraft:iron_boots":2,"minecraft:stone_pickaxe":4,"minecraft:chest":4,"twilightforest:canopy_planks":8,"cold_sweat:waterskin":4,"minecraft:water_bucket":5,"minecraft:stone_hoe":1,"minecraft:cooked_beef":12,"minecraft:red_dye":2,"minecraft:glass_bottle":15,"minecraft:diamond_sword":1,"sophisticatedbackpacks:backpack":1,"minecraft:cooked_porkchop":2,"minecraft:crafting_table":9,"minecraft:wooden_pickaxe":5,"minecraft:iron_sword":2,"minecraft:red_bed":1,"minecraft:bucket":1,"sophisticatedbackpacks:upgrade_base":1,"minecraft:bread":11,"minecraft:birch_planks":76,"minecraft:campfire":2,"minecraft:stone_axe":1,"minecraft:air":0,"minecraft:potion":57,"minecraft:white_wool":1,"minecraft:charcoal":8,"minecraft:shield":2,"minecraft:stick":80,"minecraft:iron_ingot":31,"minecraft:iron_pickaxe":2,"minecraft:stone_sword":2,"minecraft:white_bed":3,"minecraft:redstone_torch":5,"minecraft:acacia_planks":20,"minecraft:torch":132,"minecraft:shears":1},"minecraft:killed_by":{"minecraft:player":1,"minecraft:spider":1,"minecraft:enderman":2,"twilightforest:kobold":1,"minecraft:cave_spider":1,"minecraft:skeleton":5,"alexsmobs:grizzly_bear":4},"minecraft:picked_up":{"minecraft:mud":3,"minecraft:crafting_table":7,"minecraft:wheat":44,"minecraft:chainmail_boots":1,"minecraft:chicken":1,"artifacts:bunny_hoppers":1,"minecraft:golden_pickaxe":1,"minecraft:smithing_table":1,"minecraft:potion":9,"biomesoplenty:jacaranda_sapling":1,"minecraft:string":33,"minecraft:raw_copper":9,"minecraft:white_carpet":1,"cold_sweat:thermometer":1,"minecraft:cobbled_deepslate":132,"minecraft:beef":7,"minecraft:rose_bush":3,"minecraft:written_book":1,"minecraft:iron_pickaxe":1,"minecraft:melon_slice":39,"biomesoplenty:wildflower":32,"minecraft:sugar_cane":20,"minecraft:birch_sapling":8,"minecraft:egg":2,"minecraft:stick":24,"minecraft:raw_iron":29,"minecraft:music_disc_blocks":1,"minecraft:torch":36,"minecraft:acacia_log":9,"sophisticatedbackpacks:backpack":3,"artifacts:vampiric_glove":1,"minecraft:porkchop":10,"minecraft:diorite":16,"minecraft:redstone":13,"twilightforest:firefly":2,"minecraft:tnt":1,"minecraft:arrow":16,"biomesoplenty:jacaranda_log":6,"minecraft:rotten_flesh":36,"minecraft:light_blue_wool":3,"minecraft:golden_hoe":1,"alexsmobs:boiled_emu_egg":1,"minecraft:gold_ingot":1,"minecraft:mutton":10,"alexsmobs:flying_fish":2,"minecraft:white_wool":10,"minecraft:cobblestone":203,"minecraft:birch_log":19,"minecraft:feather":2,"minecraft:lilac":6,"minecraft:glow_ink_sac":13,"minecraft:andesite":7,"minecraft:brown_wool":1,"minecraft:leather":8,"minecraft:smoker":1,"minecraft:flint":4,"minecraft:tuff":15,"minecraft:oak_log":105,"minecraft:gunpowder":4,"minecraft:lapis_lazuli":92,"minecraft:dirt":289,"minecraft:cooked_mutton":4,"minecraft:bone":33,"minecraft:apple":4,"minecraft:raw_gold":17,"minecraft:wheat_seeds":222,"minecraft:glass_bottle":1,"artifacts:whoopee_cushion":1,"twilightforest:mangrove_chest":1,"minecraft:acacia_sapling":5,"minecraft:iron_sword":1,"minecraft:oak_planks":3,"minecraft:cooked_porkchop":4,"minecraft:gravel":20,"minecraft:sand":1,"twilightforest:canopy_log":12,"sophisticatedbackpacks:jukebox_upgrade":1,"minecraft:white_bed":1,"minecraft:grass_block":2,"minecraft:spider_eye":6,"biomesoplenty:flowering_oak_sapling":1,"minecraft:stripped_acacia_log":3,"minecraft:diamond":1,"minecraft:campfire":1,"waystones:waystone":1,"minecraft:iron_helmet":1,"minecraft:granite":1,"twilightforest:arctic_fur":2,"twilightforest:torchberries":8,"minecraft:oak_sapling":27,"minecraft:coal":67},"minecraft:used":{"minecraft:rose_bush":1,"minecraft:stone_sword":136,"minecraft:flint_and_steel":36,"minecraft:acacia_log":3,"minecraft:stone_shovel":214,"minecraft:chest":3,"minecraft:shield":30,"minecraft:iron_sword":330,"twilightforest:mangrove_chest":1,"minecraft:stone_hoe":46,"minecraft:rotten_flesh":17,"minecraft:torch":160,"minecraft:dirt":73,"minecraft:mutton":1,"minecraft:iron_axe":22,"cold_sweat:icebox":1,"minecraft:rabbit_stew":2,"biomesoplenty:jacaranda_sapling":1,"minecraft:beef":1,"minecraft:written_book":1,"minecraft:furnace":3,"minecraft:cooked_beef":12,"minecraft:cobbled_deepslate":42,"alexsmobs:boiled_emu_egg":1,"minecraft:wheat_seeds":75,"minecraft:cooked_mutton":12,"minecraft:water_bucket":17,"minecraft:diorite":4,"minecraft:oak_planks":43,"minecraft:glass_bottle":91,"minecraft:stone_pickaxe":164,"minecraft:wooden_pickaxe":35,"minecraft:sand":1,"minecraft:golden_apple":1,"minecraft:golden_hoe":1,"minecraft:tnt":2,"minecraft:crafting_table":14,"minecraft:red_bed":1,"minecraft:mushroom_stew":1,"minecraft:white_bed":3,"minecraft:campfire":2,"biomesoplenty:wildflower":12,"minecraft:smoker":1,"alexsmobs:flying_fish":1,"minecraft:oak_log":5,"minecraft:redstone_torch":5,"minecraft:diamond_pickaxe":219,"minecraft:apple":3,"minecraft:chicken":1,"minecraft:bread":10,"minecraft:iron_pickaxe":77,"minecraft:stone_axe":147,"minecraft:diamond_sword":37,"minecraft:wooden_sword":28,"minecraft:cobblestone":109,"minecraft:potion":86,"minecraft:smithing_table":1,"minecraft:cooked_porkchop":6,"minecraft:andesite":3,"minecraft:bucket":17,"minecraft:pumpkin_pie":4,"minecraft:air":2,"minecraft:bone_meal":74},"minecraft:dropped":{"minecraft:iron_sword":2,"minecraft:wheat_seeds":105,"minecraft:glass_bottle":3,"minecraft:diamond":1,"minecraft:cooked_porkchop":1,"minecraft:cobblestone":3,"artifacts:whoopee_cushion":1,"biomesoplenty:jacaranda_log":6,"minecraft:dirt":1,"minecraft:mutton":1,"minecraft:light_blue_wool":3,"minecraft:potion":2,"twilightforest:canopy_planks":1,"minecraft:golden_hoe":1,"minecraft:mud":1,"minecraft:iron_pickaxe":1,"cold_sweat:thermometer":1,"minecraft:white_wool":1,"minecraft:cobbled_deepslate":11,"minecraft:stone_sword":1,"minecraft:birch_sapling":4,"cold_sweat:filled_waterskin":1,"minecraft:rotten_flesh":1,"minecraft:iron_boots":1,"sophisticatedbackpacks:backpack":2,"minecraft:shield":1,"minecraft:andesite":2,"minecraft:wooden_pickaxe":1,"minecraft:campfire":1},"minecraft:killed":{"twilightforest:winter_wolf":1,"minecraft:cave_spider":2,"minecraft:spider":7,"minecraft:skeleton":13,"twilightforest:swarm_spider":2,"minecraft:chicken":1,"twilightforest:hedge_spider":15,"alexsmobs:flying_fish":1,"artifacts:mimic":2,"minecraft:pig":4,"alexsmobs:grizzly_bear":1,"twilightforest:kobold":3,"twilightforest:skeleton_druid":10,"minecraft:creeper":3,"minecraft:sheep":6,"minecraft:zombie":20,"twilightforest:bighorn_sheep":1,"minecraft:enderman":4,"minecraft:cow":3}},"DataVersion":3465}