{"stats":{"minecraft:mined":{"biomesoplenty:wildflower":12,"biomesoplenty:desert_grass":16,"minecraft:crafting_table":2,"minecraft:acacia_log":9,"minecraft:grass_block":148,"minecraft:rose_bush":4,"minecraft:tall_grass":4,"biomesoplenty:sprout":1,"minecraft:lapis_ore":6,"minecraft:sugar_cane":2,"biomesoplenty:jacaranda_log":6,"minecraft:birch_log":19,"minecraft:iron_ore":17,"minecraft:grass":86,"minecraft:oak_log":90,"minecraft:dirt":6,"minecraft:stone":37,"minecraft:oak_leaves":10},"minecraft:dropped":{"minecraft:stone_sword":1,"minecraft:glass_bottle":3,"minecraft:cooked_porkchop":1,"minecraft:birch_sapling":4,"minecraft:rotten_flesh":1,"sophisticatedbackpacks:backpack":1,"biomesoplenty:jacaranda_log":6,"minecraft:potion":2},"minecraft:used":{"minecraft:cooked_mutton":4,"minecraft:water_bucket":2,"minecraft:stone_sword":136,"minecraft:stone_shovel":214,"minecraft:glass_bottle":26,"minecraft:stone_pickaxe":39,"minecraft:shield":9,"minecraft:chest":1,"minecraft:wooden_pickaxe":11,"minecraft:iron_sword":32,"minecraft:rotten_flesh":1,"minecraft:torch":16,"minecraft:mutton":1,"minecraft:dirt":26,"minecraft:crafting_table":4,"minecraft:white_bed":2,"minecraft:oak_log":4,"minecraft:apple":3,"minecraft:chicken":1,"minecraft:iron_pickaxe":10,"minecraft:stone_axe":147,"biomesoplenty:jacaranda_sapling":1,"minecraft:potion":26,"minecraft:beef":1,"minecraft:furnace":2,"minecraft:cooked_porkchop":5,"minecraft:bucket":2,"minecraft:air":2,"minecraft:cooked_beef":3,"minecraft:bone_meal":5},"minecraft:broken":{"minecraft:stone_shovel":1},"minecraft:killed":{"minecraft:pig":4,"alexsmobs:grizzly_bear":1,"minecraft:spider":2,"minecraft:skeleton":2,"minecraft:sheep":6,"minecraft:zombie":13,"minecraft:chicken":1,"minecraft:cow":3},"minecraft:crafted":{"minecraft:cooked_beef":3,"minecraft:glass_bottle":6,"minecraft:oak_planks":60,"minecraft:stone_shovel":1,"sophisticatedbackpacks:backpack":1,"minecraft:cooked_porkchop":2,"minecraft:crafting_table":2,"minecraft:wooden_pickaxe":1,"minecraft:iron_sword":1,"minecraft:furnace":2,"minecraft:bone_meal":6,"minecraft:birch_planks":48,"minecraft:stone_axe":1,"minecraft:cooked_mutton":8,"minecraft:air":0,"minecraft:glass":7,"minecraft:potion":22,"minecraft:iron_boots":1,"minecraft:charcoal":7,"minecraft:shield":1,"minecraft:stick":16,"minecraft:iron_ingot":12,"minecraft:iron_pickaxe":1,"minecraft:stone_pickaxe":1,"minecraft:stone_sword":2,"minecraft:chest":2,"minecraft:white_bed":2,"minecraft:torch":16},"minecraft:picked_up":{"minecraft:birch_log":19,"minecraft:crafting_table":2,"minecraft:feather":1,"minecraft:chicken":1,"minecraft:andesite":1,"minecraft:leather":4,"biomesoplenty:jacaranda_sapling":1,"minecraft:oak_log":90,"minecraft:lapis_lazuli":45,"minecraft:string":8,"minecraft:dirt":207,"minecraft:bone":2,"minecraft:apple":4,"minecraft:wheat_seeds":16,"minecraft:beef":7,"minecraft:rose_bush":2,"biomesoplenty:wildflower":18,"minecraft:sugar_cane":4,"minecraft:birch_sapling":8,"minecraft:acacia_sapling":5,"minecraft:egg":2,"minecraft:stick":19,"minecraft:raw_iron":16,"minecraft:music_disc_blocks":1,"minecraft:cooked_porkchop":4,"minecraft:acacia_log":9,"sophisticatedbackpacks:backpack":1,"minecraft:porkchop":10,"sophisticatedbackpacks:jukebox_upgrade":1,"biomesoplenty:flowering_oak_sapling":1,"minecraft:arrow":2,"minecraft:rotten_flesh":15,"biomesoplenty:jacaranda_log":6,"minecraft:iron_helmet":1,"minecraft:oak_sapling":26,"minecraft:mutton":9,"minecraft:white_wool":6,"minecraft:cobblestone":34},"minecraft:killed_by":{"alexsmobs:grizzly_bear":4},"minecraft:custom":{"minecraft:interact_with_furnace":58,"minecraft:mob_kills":35,"minecraft:interact_with_crafting_table":18,"minecraft:leave_game":2,"minecraft:time_since_death":50910,"minecraft:sleep_in_bed":3,"minecraft:time_since_rest":26232,"minecraft:waystone_activated":1,"minecraft:sprint_one_cm":423469,"minecraft:damage_taken":2133,"minecraft:walk_one_cm":455909,"minecraft:damage_blocked_by_shield":310,"minecraft:drop":16,"minecraft:damage_dealt":5852,"minecraft:fly_one_cm":210544,"minecraft:open_chest":12,"minecraft:crouch_one_cm":6163,"minecraft:play_time":103803,"minecraft:deaths":5,"minecraft:sneak_time":2828,"minecraft:walk_under_water_one_cm":103,"minecraft:jump":1021,"minecraft:walk_on_water_one_cm":2438,"minecraft:total_world_time":103803,"minecraft:fall_one_cm":22144}},"DataVersion":3465}