{"stats":{"minecraft:dropped":{"minecraft:iron_ingot":8,"minecraft:bread":1,"minecraft:wheat_seeds":8,"minecraft:cooked_beef":14,"minecraft:oak_log":16,"minecraft:glass_bottle":5,"minecraft:crafting_table":1,"biomesoplenty:mahogany_planks":5,"minecraft:jungle_wood":4,"minecraft:stick":6,"minecraft:dirt":1,"minecraft:potion":3,"minecraft:iron_leggings":1,"toughasnails:leaf_helmet":1,"minecraft:iron_pickaxe":1,"artifacts:cowboy_hat":1,"minecraft:gravel":1,"minecraft:cobbled_deepslate":1,"minecraft:cooked_chicken":2,"minecraft:rotten_flesh":1,"biomesoplenty:dune_grass":1,"sophisticatedbackpacks:backpack":1,"minecraft:shears":1,"minecraft:andesite":17,"artifacts:eternal_steak":1,"minecraft:golden_sword":1,"minecraft:wooden_pickaxe":1,"minecraft:stone_pickaxe":1,"minecraft:glass":1},"minecraft:killed":{"minecraft:cave_spider":1,"minecraft:spider":7,"minecraft:skeleton":3,"minecraft:chicken":3,"minecraft:drowned":1,"artifacts:mimic":1,"minecraft:husk":1,"minecraft:pig":4,"minecraft:salmon":2,"minecraft:creeper":1,"alexsmobs:catfish":1,"minecraft:zombie":3,"minecraft:cow":11,"minecraft:enderman":1},"minecraft:custom":{"minecraft:mob_kills":41,"minecraft:interact_with_crafting_table":66,"minecraft:open_barrel":13,"minecraft:bell_ring":1,"minecraft:leave_game":3,"minecraft:time_since_death":75972,"minecraft:climb_one_cm":3393,"minecraft:sprint_one_cm":991920,"minecraft:walk_one_cm":548681,"minecraft:damage_blocked_by_shield":210,"minecraft:drop":44,"minecraft:talked_to_villager":1,"minecraft:play_time":275301,"minecraft:deaths":9,"minecraft:sneak_time":6779,"minecraft:walk_under_water_one_cm":66414,"minecraft:boat_one_cm":227500,"minecraft:jump":3385,"minecraft:walk_on_water_one_cm":88919,"minecraft:total_world_time":275301,"minecraft:interact_with_furnace":73,"minecraft:interact_with_loom":1,"minecraft:sleep_in_bed":4,"minecraft:time_since_rest":76092,"minecraft:waystone_activated":4,"minecraft:damage_taken":4268,"minecraft:damage_dealt":6008,"minecraft:swim_one_cm":62735,"minecraft:fly_one_cm":587100,"minecraft:open_chest":46,"minecraft:crouch_one_cm":8671,"minecraft:fall_one_cm":62552},"minecraft:used":{"minecraft:stone_sword":189,"minecraft:stone_shovel":73,"minecraft:chest":3,"minecraft:shield":5,"minecraft:iron_sword":36,"minecraft:cooked_salmon":1,"minecraft:cooked_chicken":1,"minecraft:torch":85,"minecraft:dirt":10,"minecraft:tuff":10,"minecraft:wooden_axe":14,"alexsmobs:maggot":1,"artifacts:everlasting_beef":1,"minecraft:oak_sapling":1,"minecraft:furnace":11,"minecraft:egg":2,"minecraft:cooked_beef":14,"minecraft:cobbled_deepslate":71,"alexsmobs:raw_catfish":1,"minecraft:water_bucket":5,"minecraft:stone_pickaxe":626,"minecraft:glass_bottle":111,"minecraft:oak_planks":3,"minecraft:wooden_pickaxe":77,"artifacts:eternal_steak":4,"minecraft:golden_hoe":26,"minecraft:crafting_table":20,"minecraft:spider_eye":1,"minecraft:campfire":1,"minecraft:white_bed":8,"minecraft:shears":37,"waystones:waystone":3,"minecraft:bread":12,"minecraft:iron_pickaxe":238,"minecraft:stone_axe":87,"minecraft:cobblestone":176,"minecraft:potion":109,"minecraft:cooked_porkchop":8,"minecraft:bucket":6,"minecraft:andesite":17,"minecraft:oak_boat":4,"minecraft:air":6},"minecraft:killed_by":{"minecraft:creeper":1,"minecraft:spider":1,"minecraft:skeleton":1,"artifacts:mimic":1,"minecraft:zombie":2,"alexsmobs:grizzly_bear":1},"minecraft:mined":{"minecraft:dark_oak_planks":2,"minecraft:tuff":63,"minecraft:white_bed":9,"minecraft:jungle_leaves":2,"minecraft:granite":10,"biomesoplenty:bush":1,"minecraft:acacia_log":2,"minecraft:grass_block":20,"minecraft:jungle_log":10,"minecraft:oxeye_daisy":2,"minecraft:hay_block":43,"minecraft:furnace":9,"minecraft:iron_ore":35,"minecraft:cobbled_deepslate":2,"minecraft:andesite":30,"minecraft:azure_bluet":1,"minecraft:peony":3,"biomesoplenty:hanging_cobweb":1,"minecraft:vine":6,"minecraft:deepslate_iron_ore":1,"biomesoplenty:webbing":6,"minecraft:stripped_jungle_log":3,"biomesoplenty:barley":21,"biomesoplenty:spider_egg":1,"minecraft:stone":447,"minecraft:dandelion":5,"biomesoplenty:hanging_cobweb_strand":1,"minecraft:torch":1,"minecraft:crafting_table":16,"minecraft:tall_grass":5,"minecraft:cobblestone":24,"minecraft:sugar_cane":32,"minecraft:oak_planks":1,"minecraft:diorite":7,"minecraft:wall_torch":35,"minecraft:jungle_wood":4,"minecraft:grass":45,"minecraft:oak_log":45,"minecraft:coal_ore":41,"minecraft:gravel":60,"minecraft:sand":12,"minecraft:dirt":39,"biomesoplenty:stringy_cobweb":2,"minecraft:fern":2,"minecraft:oak_leaves":44,"minecraft:deepslate":212},"minecraft:picked_up":{"toughasnails:leaf_leggings":1,"minecraft:crafting_table":16,"minecraft:azure_bluet":1,"minecraft:chicken":3,"minecraft:wooden_pickaxe":2,"minecraft:potion":9,"minecraft:string":10,"minecraft:iron_leggings":1,"minecraft:cobbled_deepslate":214,"toughasnails:leaf_boots":2,"minecraft:beef":24,"minecraft:oak_boat":4,"minecraft:jungle_sapling":2,"minecraft:sugar_cane":120,"minecraft:furnace":8,"minecraft:egg":2,"minecraft:stick":12,"minecraft:raw_iron":35,"minecraft:torch":47,"minecraft:acacia_log":2,"minecraft:porkchop":9,"minecraft:diorite":7,"minecraft:dark_oak_planks":4,"artifacts:everlasting_beef":1,"minecraft:rotten_flesh":4,"minecraft:stone_sword":2,"minecraft:arrow":4,"minecraft:peony":2,"minecraft:shears":2,"minecraft:hay_block":43,"biomesoplenty:barley":15,"minecraft:cobblestone":467,"minecraft:oxeye_daisy":2,"minecraft:feather":4,"minecraft:cooked_beef":14,"artifacts:eternal_steak":1,"minecraft:andesite":47,"minecraft:salmon":3,"minecraft:jungle_log":10,"minecraft:leather":11,"minecraft:jungle_wood":8,"toughasnails:leaf_helmet":3,"alexsmobs:cachalot_whale_tooth":1,"minecraft:flint":1,"minecraft:tuff":52,"minecraft:oak_log":57,"biomesoplenty:dune_grass":1,"minecraft:dirt":159,"artifacts:flippers":1,"minecraft:glass":1,"minecraft:bone":4,"minecraft:apple":3,"minecraft:wheat_seeds":20,"minecraft:stone_pickaxe":1,"minecraft:glass_bottle":2,"biomesoplenty:mahogany_planks":5,"minecraft:oak_planks":1,"biomesoplenty:toadstool":4,"toughasnails:leaf_chestplate":1,"minecraft:dandelion":4,"minecraft:gravel":49,"minecraft:sand":48,"minecraft:ink_sac":6,"minecraft:white_bed":8,"minecraft:spider_eye":2,"minecraft:stripped_jungle_log":3,"alexsmobs:raw_catfish":1,"waystones:waystone":5,"minecraft:granite":12,"minecraft:grass":3,"alexsmobs:maggot":1,"minecraft:oak_sapling":11,"minecraft:coal":44,"minecraft:oak_leaves":37},"minecraft:broken":{"toughasnails:leaf_leggings":2,"toughasnails:leaf_boots":2,"toughasnails:leaf_chestplate":2,"minecraft:stone_pickaxe":3,"toughasnails:leaf_helmet":1},"minecraft:crafted":{"artifacts:eternal_steak":1,"minecraft:oak_planks":96,"minecraft:stone_shovel":1,"minecraft:cooked_chicken":3,"minecraft:furnace":2,"minecraft:stone":128,"toughasnails:leaf_leggings":1,"minecraft:flint_and_steel":1,"minecraft:glass":6,"minecraft:bow":1,"minecraft:iron_boots":1,"minecraft:stone_pickaxe":7,"minecraft:chest":5,"minecraft:stone_bricks":128,"sophisticatedbackpacks:iron_backpack":1,"minecraft:wheat":90,"minecraft:cooked_beef":18,"minecraft:glass_bottle":6,"toughasnails:leaf_boots":1,"sophisticatedbackpacks:backpack":2,"minecraft:cooked_porkchop":9,"minecraft:crafting_table":5,"toughasnails:leaf_chestplate":1,"minecraft:wooden_pickaxe":3,"minecraft:iron_helmet":1,"minecraft:iron_sword":1,"minecraft:cooked_salmon":1,"minecraft:bucket":1,"minecraft:campfire":1,"minecraft:stone_axe":1,"minecraft:bread":21,"minecraft:air":0,"minecraft:jungle_planks":20,"minecraft:oak_boat":2,"minecraft:iron_chestplate":1,"minecraft:charcoal":2,"minecraft:shield":1,"minecraft:stick":52,"minecraft:iron_ingot":40,"minecraft:iron_pickaxe":2,"minecraft:wooden_axe":1,"minecraft:stone_sword":2,"minecraft:gold_ingot":15,"minecraft:iron_leggings":1,"minecraft:acacia_planks":8,"minecraft:torch":64,"minecraft:shears":1}},"DataVersion":3465}