{"stats":{"minecraft:used":{"minecraft:chest":5,"minecraft:shield":62,"minecraft:iron_sword":348,"twilightforest:mangrove_chest":1,"minecraft:rotten_flesh":19,"minecraft:mutton":1,"minecraft:tuff":15,"minecraft:obsidian":14,"minecraft:glass":5,"minecraft:grass_block":2,"cfm:stripped_oak_kitchen_drawer":2,"minecraft:stone_bricks":2,"minecraft:rabbit_stew":2,"biomesoplenty:jacaranda_sapling":1,"minecraft:bow":17,"minecraft:written_book":1,"minecraft:furnace":9,"minecraft:acacia_fence":16,"minecraft:potato":26,"minecraft:diorite":9,"minecraft:oak_planks":43,"minecraft:stone_pickaxe":164,"minecraft:wooden_pickaxe":35,"minecraft:golden_apple":1,"minecraft:golden_hoe":1,"minecraft:sand":1,"minecraft:mushroom_stew":1,"minecraft:blast_furnace":1,"minecraft:redstone_torch":9,"waystones:waystone":2,"minecraft:bread":38,"minecraft:wooden_sword":28,"minecraft:diamond_sword":481,"minecraft:smithing_table":2,"minecraft:andesite":7,"minecraft:oak_boat":1,"minecraft:air":3,"minecraft:bone_meal":74,"minecraft:rose_bush":1,"minecraft:stone_sword":136,"minecraft:acacia_log":3,"minecraft:flint_and_steel":38,"minecraft:stone_shovel":214,"minecraft:stone_hoe":69,"minecraft:torch":324,"minecraft:brewing_stand":2,"minecraft:dirt":221,"minecraft:granite":27,"alexsmobs:maggot":1,"minecraft:chipped_anvil":1,"minecraft:oak_stairs":3,"minecraft:iron_axe":133,"cold_sweat:icebox":1,"minecraft:beef":1,"minecraft:cooked_beef":20,"minecraft:acacia_planks":31,"minecraft:cobbled_deepslate":109,"alexsmobs:boiled_emu_egg":1,"minecraft:wheat_seeds":79,"minecraft:cooked_mutton":13,"minecraft:water_bucket":63,"minecraft:bundle":1,"minecraft:glass_bottle":180,"minecraft:baked_potato":32,"minecraft:cauldron":1,"minecraft:oak_slab":2,"minecraft:tnt":2,"minecraft:crafting_table":22,"minecraft:red_bed":1,"minecraft:white_bed":3,"minecraft:campfire":2,"biomesoplenty:wildflower":12,"minecraft:smoker":1,"minecraft:oak_log":9,"alexsmobs:flying_fish":2,"minecraft:diamond_pickaxe":1643,"minecraft:apple":4,"minecraft:chicken":1,"minecraft:iron_pickaxe":331,"minecraft:stone_axe":147,"minecraft:cobblestone":319,"minecraft:potion":175,"minecraft:porkchop":1,"minecraft:cooked_porkchop":6,"minecraft:bucket":65,"minecraft:pumpkin_pie":11,"cfm:stripped_oak_cabinet":4,"minecraft:stripped_oak_log":2,"minecraft:splash_potion":1},"minecraft:crafted":{"minecraft:oak_planks":268,"minecraft:cobblestone_slab":6,"cold_sweat:icebox":1,"minecraft:bookshelf":1,"minecraft:cooked_mutton":9,"minecraft:glass":50,"minecraft:iron_boots":3,"sophisticatedbackpacks:tank_upgrade":1,"minecraft:chest":7,"cold_sweat:waterskin":4,"minecraft:acacia_fence":18,"minecraft:water_bucket":9,"minecraft:stone_hoe":1,"minecraft:glass_bottle":33,"minecraft:oak_slab":6,"minecraft:cauldron":1,"sophisticatedbackpacks:backpack":1,"biomesoplenty:jacaranda_planks":36,"minecraft:cooked_porkchop":2,"minecraft:crafting_table":12,"minecraft:acacia_slab":6,"minecraft:baked_potato":37,"minecraft:wooden_pickaxe":5,"minecraft:iron_helmet":2,"minecraft:birch_planks":76,"minecraft:campfire":2,"sophisticatedbackpacks:upgrade_base":1,"minecraft:lectern":1,"minecraft:diamond_pickaxe":1,"minecraft:iron_chestplate":2,"minecraft:book":3,"minecraft:paper":9,"minecraft:charcoal":17,"minecraft:shield":3,"minecraft:stick":160,"minecraft:iron_ingot":119,"minecraft:iron_pickaxe":3,"minecraft:stone_sword":2,"minecraft:gold_ingot":18,"cfm:stripped_oak_kitchen_drawer":4,"minecraft:redstone_torch":8,"minecraft:shears":1,"minecraft:wooden_sword":1,"minecraft:stone_shovel":1,"minecraft:furnace":6,"minecraft:bone_meal":75,"minecraft:flint_and_steel":2,"minecraft:stone_pickaxe":4,"twilightforest:canopy_planks":20,"minecraft:wheat":18,"minecraft:cooked_beef":36,"minecraft:sugar":1,"minecraft:red_dye":2,"minecraft:diamond_sword":1,"minecraft:iron_sword":3,"cfm:stripped_oak_cabinet":2,"minecraft:red_bed":1,"minecraft:bucket":1,"minecraft:stone_axe":1,"minecraft:bread":35,"minecraft:air":0,"cold_sweat:thermometer":1,"minecraft:oak_boat":1,"minecraft:potion":139,"minecraft:white_wool":1,"minecraft:fermented_spider_eye":1,"minecraft:oak_stairs":4,"minecraft:iron_leggings":2,"minecraft:white_bed":3,"minecraft:acacia_planks":80,"minecraft:torch":357},"minecraft:mined":{"minecraft:brewing_stand":2,"minecraft:obsidian":19,"minecraft:granite":58,"minecraft:acacia_log":24,"minecraft:grass_block":185,"minecraft:cobbled_deepslate":8,"minecraft:iron_ore":90,"minecraft:fire":8,"minecraft:anvil":1,"minecraft:deepslate_lapis_ore":4,"biomesoplenty:hanging_cobweb":1,"minecraft:oak_stairs":1,"minecraft:iron_bars":2,"biomesoplenty:webbing":13,"minecraft:deepslate_redstone_ore":8,"cfm:stripped_oak_cabinet":2,"minecraft:smoker":2,"biomesoplenty:wildflower":26,"minecraft:torch":12,"minecraft:blast_furnace":2,"minecraft:calcite":1,"minecraft:glass":5,"minecraft:cobblestone":65,"minecraft:sugar_cane":11,"minecraft:oak_planks":5,"minecraft:wall_torch":31,"twilightforest:mangrove_chest":1,"minecraft:amethyst_block":5,"minecraft:mud":1,"minecraft:birch_log":19,"minecraft:wheat":59,"minecraft:tnt":1,"minecraft:grass":245,"biomesoplenty:clover":1,"minecraft:oak_log":139,"minecraft:sand":5,"minecraft:dirt":64,"minecraft:smooth_basalt":3,"minecraft:oak_leaves":23,"minecraft:deepslate":546,"twilightforest:firefly":1,"minecraft:diamond_ore":1,"minecraft:tuff":61,"minecraft:deepslate_diamond_ore":6,"biomesoplenty:desert_grass":19,"minecraft:glow_lichen":1,"biomesoplenty:bush":4,"minecraft:rooted_dirt":1,"minecraft:hay_block":21,"biomesoplenty:jacaranda_log":6,"minecraft:furnace":4,"biomesoplenty:toadstool":1,"minecraft:andesite":96,"minecraft:potatoes":9,"minecraft:deepslate_iron_ore":40,"minecraft:stripped_acacia_log":3,"minecraft:stripped_oak_log":15,"biomesoplenty:spider_egg":2,"minecraft:stone":804,"minecraft:redstone_wall_torch":1,"minecraft:smithing_table":2,"minecraft:oak_slab":2,"minecraft:dandelion":2,"minecraft:crafting_table":11,"minecraft:rose_bush":5,"minecraft:tall_grass":12,"minecraft:copper_ore":5,"minecraft:lapis_ore":15,"biomesoplenty:sprout":1,"minecraft:deepslate_gold_ore":34,"cfm:stripped_oak_kitchen_drawer":2,"twilightforest:mayapple":2,"minecraft:diorite":120,"minecraft:white_carpet":1,"minecraft:coal_ore":44,"minecraft:gravel":79,"minecraft:cobweb":7,"minecraft:cracked_stone_bricks":2,"minecraft:acacia_planks":2,"minecraft:stone_bricks":2,"minecraft:chipped_anvil":1,"minecraft:gold_ore":2,"minecraft:fern":1},"minecraft:killed_by":{"minecraft:creeper":1,"twilightforest:kobold":1,"minecraft:cave_spider":1,"minecraft:zombie":9,"alexsmobs:grizzly_bear":4,"minecraft:player":1,"minecraft:spider":1,"minecraft:enderman":2,"minecraft:skeleton":6},"minecraft:dropped":{"minecraft:iron_sword":2,"minecraft:oak_log":31,"minecraft:baked_potato":39,"minecraft:glass_bottle":3,"minecraft:diamond":1,"minecraft:cooked_porkchop":1,"minecraft:leather":18,"minecraft:dirt":2,"minecraft:mutton":1,"minecraft:sugar":1,"minecraft:iron_pickaxe":1,"minecraft:white_wool":1,"biomesoplenty:toadstool":1,"minecraft:cobbled_deepslate":20,"minecraft:birch_sapling":4,"minecraft:wheat":1,"minecraft:rotten_flesh":3,"biomesoplenty:wildflower":3,"minecraft:acacia_sapling":2,"minecraft:chainmail_boots":1,"minecraft:iron_bars":4,"minecraft:campfire":1,"minecraft:wheat_seeds":106,"minecraft:cobblestone":5,"minecraft:lead":3,"artifacts:whoopee_cushion":1,"minecraft:granite":13,"biomesoplenty:jacaranda_planks":4,"biomesoplenty:jacaranda_log":6,"minecraft:stick":4,"minecraft:diorite":1,"minecraft:light_blue_wool":3,"minecraft:potion":6,"minecraft:iron_leggings":1,"twilightforest:canopy_planks":1,"minecraft:golden_hoe":1,"minecraft:mud":1,"cold_sweat:thermometer":1,"minecraft:acacia_planks":6,"artifacts:bunny_hoppers":1,"minecraft:stone_sword":1,"minecraft:bowl":1,"cold_sweat:filled_waterskin":1,"minecraft:iron_boots":1,"sophisticatedbackpacks:backpack":2,"minecraft:stripped_oak_log":4,"minecraft:shield":1,"minecraft:bundle":2,"minecraft:iron_chestplate":1,"minecraft:andesite":2,"minecraft:oak_sapling":8,"minecraft:bow":2,"minecraft:wooden_pickaxe":2},"minecraft:broken":{"minecraft:iron_boots":1,"minecraft:diamond_pickaxe":1,"minecraft:iron_sword":1,"minecraft:stone_shovel":1,"minecraft:shield":1,"minecraft:iron_pickaxe":1,"minecraft:iron_helmet":2},"minecraft:custom":{"minecraft:animals_bred":3,"minecraft:interact_with_crafting_table":137,"minecraft:open_barrel":18,"minecraft:leave_game":5,"minecraft:time_since_death":6935,"minecraft:sprint_one_cm":3178307,"minecraft:damage_blocked_by_shield":2280,"minecraft:drop":86,"minecraft:talked_to_villager":9,"minecraft:play_time":782955,"minecraft:deaths":33,"minecraft:jump":6697,"minecraft:interact_with_brewingstand":5,"minecraft:walk_on_water_one_cm":98400,"minecraft:interact_with_furnace":276,"minecraft:interact_with_cartography_table":1,"minecraft:sleep_in_bed":18,"minecraft:waystone_activated":7,"minecraft:damage_dealt":41641,"minecraft:player_kills":1,"minecraft:crouch_one_cm":25962,"minecraft:interact_with_smoker":3,"minecraft:horse_one_cm":1279522,"minecraft:interact_with_smithing_table":13,"minecraft:interact_with_anvil":1,"minecraft:mob_kills":219,"minecraft:fill_cauldron":1,"minecraft:interact_with_campfire":6,"minecraft:damage_dealt_resisted":277,"minecraft:climb_one_cm":8077,"minecraft:walk_one_cm":2259875,"minecraft:damage_dealt_absorbed":152,"minecraft:sneak_time":11016,"minecraft:walk_under_water_one_cm":76191,"minecraft:boat_one_cm":17145,"minecraft:interact_with_blast_furnace":3,"minecraft:total_world_time":782955,"minecraft:time_since_rest":3290,"minecraft:damage_taken":19919,"minecraft:damage_absorbed":40,"minecraft:trigger_trapped_chest":2,"minecraft:swim_one_cm":54820,"minecraft:fly_one_cm":1833598,"minecraft:open_chest":273,"minecraft:fall_one_cm":188060},"minecraft:picked_up":{"minecraft:wheat":85,"minecraft:chainmail_boots":1,"minecraft:anvil":1,"artifacts:bunny_hoppers":1,"minecraft:smithing_table":2,"minecraft:lead":7,"minecraft:oak_stairs":1,"minecraft:potion":10,"minecraft:brewing_stand":2,"minecraft:string":63,"minecraft:raw_copper":9,"minecraft:cobbled_deepslate":569,"minecraft:redstone_torch":1,"minecraft:rose_bush":3,"minecraft:written_book":1,"minecraft:iron_pickaxe":1,"minecraft:melon_slice":39,"minecraft:furnace":3,"minecraft:stick":44,"minecraft:music_disc_blocks":1,"minecraft:torch":57,"minecraft:acacia_log":23,"minecraft:porkchop":13,"minecraft:pointed_dripstone":2,"minecraft:diorite":98,"minecraft:rotten_flesh":84,"minecraft:light_blue_wool":3,"alexsmobs:boiled_emu_egg":1,"minecraft:obsidian":18,"minecraft:iron_bars":6,"alexsmobs:flying_fish":2,"minecraft:cobblestone":843,"minecraft:birch_log":19,"minecraft:cooked_beef":3,"minecraft:feather":3,"minecraft:lilac":9,"minecraft:andesite":50,"minecraft:brown_wool":1,"minecraft:smoker":2,"minecraft:potato":56,"minecraft:flint":8,"minecraft:tuff":50,"minecraft:lapis_lazuli":126,"minecraft:dirt":502,"minecraft:bone":65,"minecraft:chipped_anvil":1,"minecraft:acacia_planks":10,"minecraft:bow":4,"minecraft:wheat_seeds":318,"minecraft:raw_gold":34,"twilightforest:mangrove_chest":1,"minecraft:oak_planks":7,"biomesoplenty:toadstool":1,"minecraft:cooked_porkchop":4,"minecraft:poisonous_potato":1,"minecraft:sand":1,"twilightforest:canopy_log":12,"sophisticatedbackpacks:jukebox_upgrade":1,"minecraft:grass_block":4,"minecraft:bundle":3,"minecraft:stripped_acacia_log":3,"minecraft:sugar":1,"minecraft:diamond":5,"waystones:waystone":2,"minecraft:granite":41,"alexsmobs:maggot":2,"twilightforest:arctic_fur":2,"minecraft:oak_sapling":55,"twilightforest:torchberries":9,"sophisticatedbackpacks:gold_backpack":1,"minecraft:crafting_table":11,"minecraft:mud":3,"minecraft:chicken":1,"cfm:stripped_oak_cabinet":2,"minecraft:brown_mushroom":1,"minecraft:leather_leggings":2,"minecraft:golden_pickaxe":1,"minecraft:wooden_pickaxe":1,"biomesoplenty:jacaranda_sapling":19,"minecraft:white_carpet":1,"cold_sweat:thermometer":1,"minecraft:beef":39,"minecraft:birch_sapling":8,"biomesoplenty:wildflower":38,"minecraft:sugar_cane":25,"minecraft:chest":1,"minecraft:egg":6,"cfm:stripped_oak_kitchen_drawer":6,"minecraft:raw_iron":132,"minecraft:bowl":2,"sophisticatedbackpacks:backpack":3,"artifacts:vampiric_glove":1,"minecraft:redstone":39,"twilightforest:firefly":2,"minecraft:tnt":1,"minecraft:arrow":45,"biomesoplenty:jacaranda_log":34,"minecraft:golden_hoe":1,"minecraft:hay_block":21,"minecraft:gold_ingot":1,"minecraft:mutton":10,"minecraft:white_wool":10,"minecraft:stripped_oak_log":19,"artifacts:digging_claws":1,"minecraft:glow_ink_sac":21,"minecraft:leather":45,"alexsmobs:acacia_blossom":1,"minecraft:oak_log":172,"minecraft:gunpowder":9,"endrem:undead_soul":1,"minecraft:cooked_mutton":4,"minecraft:apple":6,"minecraft:stone_bricks":2,"minecraft:iron_ingot":3,"artifacts:whoopee_cushion":1,"minecraft:glass_bottle":1,"minecraft:iron_sword":1,"minecraft:acacia_sapling":7,"minecraft:oak_slab":2,"artifacts:obsidian_skull":1,"minecraft:dandelion":2,"minecraft:gravel":76,"minecraft:blast_furnace":2,"minecraft:white_bed":1,"artifacts:scarf_of_invisibility":1,"minecraft:spider_eye":10,"minecraft:leather_helmet":1,"biomesoplenty:flowering_oak_sapling":1,"minecraft:campfire":1,"minecraft:iron_helmet":1,"minecraft:baked_potato":34,"minecraft:coal":109,"cold_sweat:filled_waterskin":3,"minecraft:ender_pearl":3},"minecraft:killed":{"minecraft:cave_spider":2,"minecraft:witch":1,"minecraft:spider":18,"minecraft:skeleton":40,"minecraft:chicken":1,"minecraft:skeleton_horse":1,"artifacts:mimic":5,"minecraft:pig":5,"alexsmobs:grizzly_bear":1,"minecraft:zombie_villager":1,"minecraft:creeper":9,"twilightforest:skeleton_druid":10,"minecraft:sheep":6,"minecraft:zombie":58,"minecraft:cow":17,"twilightforest:winter_wolf":1,"twilightforest:swarm_spider":2,"twilightforest:hedge_spider":15,"alexsmobs:flying_fish":1,"twilightforest:kobold":3,"minecraft:wandering_trader":1,"twilightforest:bighorn_sheep":1,"minecraft:enderman":8}},"DataVersion":3465}