{"stats":{"minecraft:dropped":{"minecraft:bread":1,"minecraft:wheat_seeds":8,"minecraft:glass_bottle":2,"minecraft:potion":3,"minecraft:iron_pickaxe":1,"minecraft:cooked_chicken":2,"minecraft:shears":1,"artifacts:eternal_steak":1,"minecraft:glass":1,"minecraft:stone_pickaxe":1},"minecraft:mined":{"minecraft:tuff":27,"minecraft:white_bed":7,"minecraft:jungle_leaves":1,"minecraft:grass_block":14,"minecraft:jungle_log":5,"minecraft:oxeye_daisy":2,"minecraft:hay_block":20,"minecraft:furnace":9,"minecraft:iron_ore":15,"minecraft:azure_bluet":1,"minecraft:peony":3,"minecraft:deepslate_iron_ore":1,"minecraft:vine":2,"biomesoplenty:barley":21,"biomesoplenty:spider_egg":1,"minecraft:stone":134,"minecraft:dandelion":5,"minecraft:crafting_table":11,"minecraft:tall_grass":5,"minecraft:cobblestone":11,"minecraft:sugar_cane":30,"minecraft:oak_planks":1,"minecraft:diorite":1,"minecraft:wall_torch":8,"minecraft:grass":30,"minecraft:oak_log":44,"minecraft:coal_ore":21,"minecraft:gravel":20,"minecraft:sand":12,"minecraft:dirt":33,"biomesoplenty:stringy_cobweb":2,"minecraft:deepslate":94,"minecraft:oak_leaves":42},"minecraft:used":{"minecraft:stone_sword":178,"minecraft:stone_shovel":57,"minecraft:chest":1,"minecraft:cooked_salmon":1,"minecraft:cooked_chicken":1,"minecraft:torch":35,"minecraft:dirt":5,"minecraft:tuff":10,"minecraft:wooden_axe":14,"artifacts:everlasting_beef":1,"minecraft:furnace":9,"minecraft:cooked_beef":3,"minecraft:cobbled_deepslate":9,"alexsmobs:raw_catfish":1,"minecraft:glass_bottle":64,"minecraft:stone_pickaxe":171,"minecraft:oak_planks":3,"minecraft:wooden_pickaxe":25,"artifacts:eternal_steak":4,"minecraft:crafting_table":11,"minecraft:spider_eye":1,"minecraft:white_bed":6,"minecraft:shears":37,"minecraft:bread":3,"minecraft:iron_pickaxe":128,"minecraft:stone_axe":64,"minecraft:cobblestone":93,"minecraft:potion":63,"minecraft:cooked_porkchop":8,"minecraft:oak_boat":1,"minecraft:air":5},"minecraft:crafted":{"artifacts:eternal_steak":1,"minecraft:oak_planks":64,"minecraft:stone_shovel":1,"minecraft:cooked_chicken":3,"minecraft:furnace":2,"toughasnails:leaf_leggings":1,"minecraft:glass":6,"minecraft:stone_pickaxe":4,"minecraft:chest":2,"minecraft:wheat":90,"minecraft:cooked_beef":18,"minecraft:glass_bottle":6,"toughasnails:leaf_boots":1,"sophisticatedbackpacks:backpack":1,"minecraft:cooked_porkchop":9,"minecraft:crafting_table":2,"toughasnails:leaf_chestplate":1,"minecraft:wooden_pickaxe":2,"minecraft:iron_helmet":1,"minecraft:cooked_salmon":1,"minecraft:stone_axe":1,"minecraft:bread":21,"minecraft:air":0,"minecraft:jungle_planks":12,"minecraft:oak_boat":1,"minecraft:charcoal":2,"minecraft:shield":1,"minecraft:stick":32,"minecraft:iron_ingot":14,"minecraft:iron_pickaxe":2,"minecraft:wooden_axe":1,"minecraft:stone_sword":1,"minecraft:torch":44,"minecraft:shears":1},"minecraft:picked_up":{"toughasnails:leaf_leggings":1,"minecraft:crafting_table":11,"minecraft:azure_bluet":1,"minecraft:chicken":3,"minecraft:potion":4,"minecraft:string":5,"minecraft:cobbled_deepslate":94,"toughasnails:leaf_boots":1,"minecraft:beef":24,"minecraft:oak_boat":1,"minecraft:jungle_sapling":1,"minecraft:sugar_cane":55,"minecraft:egg":2,"minecraft:furnace":8,"minecraft:stick":2,"minecraft:raw_iron":15,"minecraft:torch":7,"minecraft:porkchop":9,"minecraft:diorite":1,"artifacts:everlasting_beef":1,"minecraft:arrow":1,"minecraft:stone_sword":1,"minecraft:rotten_flesh":1,"minecraft:peony":2,"minecraft:shears":1,"minecraft:hay_block":20,"biomesoplenty:barley":5,"minecraft:cobblestone":141,"minecraft:oxeye_daisy":2,"minecraft:feather":4,"artifacts:eternal_steak":1,"minecraft:jungle_log":5,"minecraft:salmon":2,"minecraft:leather":11,"toughasnails:leaf_helmet":1,"alexsmobs:cachalot_whale_tooth":1,"minecraft:flint":1,"minecraft:tuff":26,"minecraft:oak_log":39,"minecraft:dirt":60,"minecraft:glass":1,"minecraft:apple":2,"minecraft:wheat_seeds":14,"minecraft:glass_bottle":2,"minecraft:oak_planks":1,"toughasnails:leaf_chestplate":1,"minecraft:dandelion":4,"minecraft:gravel":21,"minecraft:sand":30,"minecraft:ink_sac":6,"minecraft:white_bed":6,"minecraft:spider_eye":1,"alexsmobs:raw_catfish":1,"waystones:waystone":2,"minecraft:grass":3,"minecraft:oak_sapling":10,"minecraft:coal":24,"minecraft:oak_leaves":37},"minecraft:custom":{"minecraft:mob_kills":32,"minecraft:interact_with_crafting_table":35,"minecraft:leave_game":2,"minecraft:time_since_death":7128,"minecraft:climb_one_cm":123,"minecraft:sprint_one_cm":608184,"minecraft:walk_one_cm":267214,"minecraft:drop":14,"minecraft:talked_to_villager":1,"minecraft:play_time":124280,"minecraft:deaths":5,"minecraft:sneak_time":4660,"minecraft:walk_under_water_one_cm":32363,"minecraft:boat_one_cm":40140,"minecraft:jump":2035,"minecraft:walk_on_water_one_cm":59169,"minecraft:total_world_time":124280,"minecraft:interact_with_furnace":42,"minecraft:interact_with_loom":1,"minecraft:sleep_in_bed":4,"minecraft:time_since_rest":7183,"minecraft:damage_taken":2147,"minecraft:damage_dealt":4219,"minecraft:swim_one_cm":23807,"minecraft:fly_one_cm":397959,"minecraft:open_chest":3,"minecraft:crouch_one_cm":5740,"minecraft:fall_one_cm":41315},"minecraft:killed_by":{"minecraft:spider":1,"minecraft:skeleton":1,"artifacts:mimic":1,"minecraft:zombie":1,"alexsmobs:grizzly_bear":1},"minecraft:broken":{"toughasnails:leaf_leggings":1,"toughasnails:leaf_boots":1,"toughasnails:leaf_chestplate":1,"minecraft:stone_pickaxe":1,"toughasnails:leaf_helmet":1},"minecraft:killed":{"minecraft:cave_spider":1,"minecraft:spider":4,"minecraft:skeleton":1,"minecraft:chicken":3,"minecraft:pig":4,"minecraft:salmon":2,"minecraft:creeper":1,"alexsmobs:catfish":1,"minecraft:zombie":2,"minecraft:enderman":1,"minecraft:cow":11}},"DataVersion":3465}