{"stats":{"minecraft:picked_up":{"minecraft:crafting_table":3,"minecraft:coarse_dirt":1,"minecraft:cooked_beef":2,"minecraft:feather":8,"minecraft:flower_pot":2,"minecraft:chicken":6,"minecraft:salmon":1,"minecraft:dark_oak_boat":1,"minecraft:leather":8,"minecraft:brown_mushroom":11,"friendsandfoes:totem_of_illusion":3,"minecraft:tuff":4,"minecraft:oak_log":6,"minecraft:shield":1,"minecraft:cobblestone_stairs":1,"minecraft:string":13,"minecraft:dirt":19,"minecraft:cooked_salmon":1,"minecraft:cooked_mutton":6,"minecraft:bone":5,"minecraft:apple":2,"minecraft:bow":1,"minecraft:wheat_seeds":12,"minecraft:bell":1,"minecraft:beef":6,"minecraft:cooked_chicken":1,"minecraft:azalea":2,"minecraft:spruce_slab":5,"minecraft:sugar_cane":1,"minecraft:furnace":1,"minecraft:egg":3,"minecraft:raw_iron":4,"minecraft:dark_oak_sapling":7,"minecraft:stick":20,"minecraft:cooked_porkchop":1,"minecraft:pumpkin":12,"minecraft:sweet_berries":28,"minecraft:porkchop":9,"minecraft:sand":1,"minecraft:spruce_sapling":8,"minecraft:dead_bush":2,"minecraft:ink_sac":2,"minecraft:white_bed":5,"minecraft:spruce_log":49,"minecraft:dark_oak_log":13,"minecraft:brown_carpet":1,"minecraft:purple_terracotta":1,"minecraft:arrow":5,"minecraft:rotten_flesh":9,"waystones:waystone":1,"minecraft:emerald":1,"minecraft:white_terracotta":4,"minecraft:iron_bars":2,"minecraft:coal":18,"minecraft:snowball":3,"minecraft:cobblestone":42},"minecraft:killed_by":{"minecraft:vindicator":1,"minecraft:skeleton":1,"minecraft:zombie":2},"minecraft:used":{"minecraft:cooked_mutton":6,"minecraft:stone_sword":126,"minecraft:spruce_slab":1,"minecraft:stone_pickaxe":57,"minecraft:spruce_planks":24,"minecraft:wooden_pickaxe":18,"minecraft:cooked_salmon":1,"minecraft:cooked_chicken":1,"minecraft:rotten_flesh":3,"minecraft:iron_chestplate":1,"minecraft:torch":2,"minecraft:dirt":2,"minecraft:crafting_table":3,"minecraft:white_bed":3,"minecraft:tuff":1,"minecraft:snowball":3,"waystones:waystone":1,"minecraft:dark_oak_planks":32,"minecraft:apple":2,"minecraft:bread":4,"minecraft:iron_helmet":1,"minecraft:stone_axe":101,"minecraft:bow":15,"minecraft:cobblestone":8,"minecraft:dark_oak_boat":1,"minecraft:furnace":2,"minecraft:cooked_porkchop":3,"minecraft:porkchop":1,"minecraft:cooked_beef":9},"minecraft:dropped":{"minecraft:sugar_cane":1,"minecraft:wheat_seeds":8,"minecraft:cooked_beef":2,"minecraft:crafting_table":1,"minecraft:iron_helmet":1,"sophisticatedbackpacks:backpack":1,"minecraft:shield":1,"minecraft:sand":1,"minecraft:bone":4},"minecraft:killed":{"minecraft:pig":4,"minecraft:salmon":1,"minecraft:spider":2,"minecraft:sheep":1,"minecraft:skeleton":3,"minecraft:pillager":7,"minecraft:zombie":6,"minecraft:chicken":5,"minecraft:illusioner":2,"minecraft:cow":3},"minecraft:custom":{"minecraft:interact_with_furnace":19,"minecraft:mob_kills":37,"minecraft:open_barrel":10,"minecraft:interact_with_crafting_table":18,"minecraft:interact_with_campfire":5,"minecraft:leave_game":1,"minecraft:time_since_death":392,"minecraft:sleep_in_bed":4,"minecraft:climb_one_cm":21882,"minecraft:waystone_activated":2,"minecraft:time_since_rest":434,"minecraft:sprint_one_cm":633466,"minecraft:damage_taken":2507,"minecraft:walk_one_cm":240442,"minecraft:drop":14,"minecraft:damage_dealt":4111,"minecraft:swim_one_cm":28101,"minecraft:talked_to_villager":3,"minecraft:player_kills":1,"minecraft:fly_one_cm":215703,"minecraft:open_chest":12,"minecraft:crouch_one_cm":6523,"minecraft:play_time":104695,"minecraft:deaths":4,"minecraft:sneak_time":1527,"minecraft:walk_under_water_one_cm":14915,"minecraft:boat_one_cm":192069,"minecraft:interact_with_brewingstand":2,"minecraft:jump":933,"minecraft:interact_with_blast_furnace":2,"minecraft:walk_on_water_one_cm":16588,"minecraft:total_world_time":104695,"minecraft:fall_one_cm":20711,"minecraft:inspect_dispenser":1},"minecraft:mined":{"minecraft:podzol":1,"minecraft:spruce_planks":2,"minecraft:tuff":4,"minecraft:white_bed":3,"minecraft:brown_mushroom":12,"minecraft:cobblestone_stairs":1,"minecraft:dark_oak_log":10,"minecraft:potted_dead_bush":2,"minecraft:crafting_table":4,"minecraft:cobblestone":1,"minecraft:large_fern":1,"minecraft:white_terracotta":4,"minecraft:coarse_dirt":1,"minecraft:furnace":1,"minecraft:iron_ore":4,"minecraft:spruce_log":56,"minecraft:pumpkin":12,"minecraft:bell":1,"minecraft:oak_log":8,"minecraft:coal_ore":18,"minecraft:iron_bars":2,"minecraft:flower_pot":1,"minecraft:dirt":3,"minecraft:cobweb":11,"minecraft:stone":35,"minecraft:fern":1,"minecraft:spruce_slab":3},"minecraft:crafted":{"minecraft:cooked_beef":9,"minecraft:oak_planks":8,"sophisticatedbackpacks:backpack":2,"minecraft:cooked_porkchop":4,"minecraft:crafting_table":1,"minecraft:spruce_planks":40,"minecraft:cooked_chicken":6,"minecraft:wooden_pickaxe":1,"minecraft:furnace":1,"minecraft:stone_axe":1,"minecraft:air":0,"minecraft:shield":2,"minecraft:stick":12,"minecraft:iron_ingot":4,"minecraft:stone_pickaxe":1,"minecraft:stone_sword":1,"minecraft:chest":2,"minecraft:dark_oak_planks":52,"minecraft:torch":4}},"DataVersion":3465}