{"stats":{"minecraft:mined":{"minecraft:large_amethyst_bud":5,"minecraft:brewing_stand":2,"minecraft:obsidian":19,"minecraft:granite":64,"minecraft:acacia_log":24,"minecraft:grass_block":205,"minecraft:spawner":3,"minecraft:iron_ore":164,"minecraft:cobbled_deepslate":12,"minecraft:fire":9,"minecraft:anvil":2,"minecraft:deepslate_lapis_ore":4,"biomesoplenty:hanging_cobweb":1,"biomesoplenty:webbing":15,"minecraft:oak_stairs":1,"minecraft:iron_bars":2,"minecraft:smooth_sandstone_stairs":1,"minecraft:deepslate_redstone_ore":14,"cfm:stripped_oak_cabinet":2,"biomesoplenty:wildflower":26,"minecraft:smoker":5,"minecraft:amethyst_cluster":3,"storagenetwork:inventory":1,"minecraft:torch":18,"minecraft:blast_furnace":2,"storagenetwork:request":2,"minecraft:calcite":16,"minecraft:chest":11,"minecraft:glass":5,"minecraft:cobblestone":71,"minecraft:oak_planks":32,"minecraft:sugar_cane":11,"twilightforest:mangrove_chest":1,"minecraft:wall_torch":46,"minecraft:amethyst_block":12,"minecraft:seagrass":1,"minecraft:mud":1,"minecraft:wheat":71,"minecraft:birch_log":31,"minecraft:tnt":1,"minecraft:grass":268,"biomesoplenty:clover":1,"minecraft:oak_log":265,"minecraft:sand":5,"minecraft:dirt":96,"minecraft:smooth_basalt":4,"minecraft:oak_leaves":28,"minecraft:deepslate":1159,"twilightforest:firefly":1,"minecraft:diamond_ore":1,"minecraft:mossy_cobblestone":1,"minecraft:tuff":133,"minecraft:deepslate_diamond_ore":19,"biomesoplenty:desert_grass":20,"minecraft:glow_lichen":2,"biomesoplenty:bush":4,"minecraft:rooted_dirt":1,"minecraft:hay_block":35,"biomesoplenty:jacaranda_log":6,"minecraft:furnace":8,"biomesoplenty:toadstool":1,"minecraft:andesite":105,"minecraft:peony":1,"minecraft:potatoes":24,"minecraft:deepslate_iron_ore":112,"minecraft:stripped_acacia_log":3,"minecraft:stripped_oak_log":18,"minecraft:stone":905,"biomesoplenty:spider_egg":2,"minecraft:redstone_wall_torch":1,"minecraft:smithing_table":2,"minecraft:oak_slab":2,"minecraft:dandelion":2,"minecraft:crafting_table":12,"minecraft:rose_bush":5,"minecraft:campfire":3,"minecraft:copper_ore":5,"minecraft:tall_grass":20,"biomesoplenty:willow_fence":1,"biomesoplenty:sprout":1,"minecraft:deepslate_gold_ore":89,"minecraft:lapis_ore":23,"biomesoplenty:willow_log":53,"cfm:stripped_oak_kitchen_drawer":2,"twilightforest:mayapple":2,"minecraft:diorite":137,"minecraft:white_carpet":1,"minecraft:coal_ore":132,"minecraft:gravel":103,"biomesoplenty:stringy_cobweb":2,"minecraft:cobweb":13,"minecraft:cracked_stone_bricks":2,"minecraft:acacia_planks":2,"minecraft:stone_bricks":2,"storagenetwork:kabel":16,"minecraft:gold_ore":7,"minecraft:chipped_anvil":1,"minecraft:fern":5},"minecraft:broken":{"minecraft:iron_boots":2,"minecraft:diamond_pickaxe":1,"minecraft:iron_sword":1,"minecraft:fishing_rod":1,"minecraft:stone_shovel":1,"minecraft:stone_hoe":1,"minecraft:shield":1,"minecraft:iron_axe":1,"minecraft:iron_pickaxe":1,"minecraft:iron_helmet":3},"minecraft:dropped":{"minecraft:iron_sword":2,"minecraft:oak_log":152,"minecraft:baked_potato":39,"biomesoplenty:willow_sapling":10,"minecraft:glass_bottle":3,"minecraft:diamond":1,"minecraft:cooked_porkchop":1,"minecraft:leather":18,"sophisticatedbackpacks:gold_backpack":1,"minecraft:dirt":3,"minecraft:mutton":1,"minecraft:sugar":1,"minecraft:iron_pickaxe":2,"minecraft:white_wool":1,"minecraft:gravel":8,"biomesoplenty:toadstool":1,"minecraft:iron_nugget":1,"minecraft:cobbled_deepslate":28,"minecraft:wheat":1,"minecraft:birch_sapling":7,"minecraft:rotten_flesh":3,"biomesoplenty:wildflower":3,"minecraft:acacia_sapling":2,"minecraft:chainmail_boots":1,"minecraft:iron_bars":4,"minecraft:campfire":1,"minecraft:iron_ingot":3,"minecraft:egg":1,"minecraft:wheat_seeds":108,"minecraft:cobblestone":5,"minecraft:lead":3,"artifacts:whoopee_cushion":1,"minecraft:granite":13,"biomesoplenty:jacaranda_planks":4,"minecraft:stick":7,"biomesoplenty:jacaranda_log":6,"minecraft:diorite":4,"minecraft:light_blue_wool":3,"minecraft:potion":10,"minecraft:iron_leggings":1,"twilightforest:canopy_planks":1,"minecraft:golden_hoe":1,"minecraft:mud":1,"artifacts:digging_claws":1,"cold_sweat:thermometer":1,"minecraft:acacia_planks":6,"artifacts:bunny_hoppers":1,"minecraft:player_head":1,"minecraft:stone_sword":1,"minecraft:bowl":1,"cold_sweat:filled_waterskin":1,"minecraft:iron_boots":1,"minecraft:stripped_oak_log":4,"sophisticatedbackpacks:backpack":2,"minecraft:shield":1,"minecraft:bundle":2,"minecraft:iron_chestplate":1,"minecraft:andesite":3,"minecraft:oak_sapling":8,"storagenetwork:kabel":2,"minecraft:bow":2,"minecraft:wooden_pickaxe":2},"minecraft:killed":{"minecraft:cave_spider":5,"minecraft:witch":3,"minecraft:spider":25,"alexsmobs:murmur":1,"alexsmobs:alligator_snapping_turtle":1,"minecraft:skeleton":60,"minecraft:chicken":1,"alexsmobs:centipede_head":3,"minecraft:illusioner":1,"minecraft:skeleton_horse":1,"artifacts:mimic":9,"minecraft:pig":5,"alexsmobs:grizzly_bear":1,"minecraft:zombie_villager":3,"alexsmobs:mantis_shrimp":1,"minecraft:creeper":22,"twilightforest:skeleton_druid":10,"minecraft:sheep":6,"minecraft:pillager":11,"minecraft:zombie":103,"minecraft:cow":17,"twilightforest:winter_wolf":1,"twilightforest:swarm_spider":2,"twilightforest:hedge_spider":15,"alexsmobs:flying_fish":1,"friendsandfoes:iceologer":1,"twilightforest:kobold":3,"minecraft:wandering_trader":2,"minecraft:ravager":1,"minecraft:enderman":10,"twilightforest:bighorn_sheep":1},"minecraft:crafted":{"minecraft:oak_planks":296,"minecraft:cobblestone_slab":6,"minecraft:stone":24,"cold_sweat:icebox":1,"minecraft:bookshelf":1,"minecraft:cooked_mutton":9,"minecraft:glass":78,"minecraft:iron_boots":4,"sophisticatedbackpacks:tank_upgrade":1,"minecraft:chest":13,"cold_sweat:waterskin":4,"minecraft:acacia_fence":18,"minecraft:water_bucket":9,"minecraft:stone_hoe":1,"minecraft:magenta_dye":1,"minecraft:dropper":2,"minecraft:glass_bottle":60,"storagenetwork:kabel":16,"minecraft:oak_slab":6,"sophisticatedbackpacks:backpack":1,"biomesoplenty:jacaranda_planks":36,"minecraft:cauldron":1,"minecraft:cooked_porkchop":2,"minecraft:crafting_table":19,"minecraft:acacia_slab":6,"minecraft:iron_helmet":3,"minecraft:wooden_pickaxe":5,"minecraft:baked_potato":55,"minecraft:birch_planks":124,"minecraft:campfire":2,"sophisticatedbackpacks:upgrade_base":1,"minecraft:lectern":1,"minecraft:iron_chestplate":3,"minecraft:book":3,"minecraft:paper":9,"minecraft:diamond_pickaxe":1,"minecraft:charcoal":17,"minecraft:shield":3,"minecraft:stick":320,"minecraft:stone_slab":12,"minecraft:iron_ingot":229,"minecraft:iron_pickaxe":3,"minecraft:stone_sword":2,"minecraft:gold_ingot":18,"cfm:stripped_oak_kitchen_drawer":4,"minecraft:redstone_torch":8,"minecraft:shears":2,"minecraft:wooden_sword":1,"minecraft:stone_shovel":1,"minecraft:furnace":6,"minecraft:bone_meal":87,"minecraft:flint_and_steel":2,"minecraft:iron_axe":1,"minecraft:iron_hoe":1,"minecraft:stone_pickaxe":4,"twilightforest:canopy_planks":20,"biomesoplenty:willow_fence":18,"sophisticatedbackpacks:iron_backpack":1,"minecraft:wheat":216,"minecraft:cooked_beef":36,"minecraft:sugar":1,"minecraft:red_dye":2,"minecraft:cooked_cod":22,"minecraft:diamond_sword":1,"biomesoplenty:redwood_fence":3,"cfm:stripped_oak_cabinet":2,"minecraft:iron_sword":3,"minecraft:red_bed":1,"sophisticatedbackpacks:gold_backpack":2,"minecraft:bucket":1,"biomesoplenty:willow_planks":32,"minecraft:stone_axe":1,"minecraft:bread":56,"minecraft:air":0,"cold_sweat:thermometer":1,"minecraft:oak_boat":1,"minecraft:potion":191,"minecraft:white_wool":1,"storagenetwork:inventory":2,"minecraft:fermented_spider_eye":1,"minecraft:oak_stairs":4,"minecraft:iron_shovel":1,"minecraft:iron_leggings":3,"storagenetwork:request":1,"minecraft:white_bed":3,"minecraft:acacia_planks":80,"minecraft:torch":641},"minecraft:custom":{"minecraft:animals_bred":33,"minecraft:interact_with_crafting_table":182,"minecraft:open_barrel":28,"minecraft:leave_game":7,"minecraft:time_since_death":257466,"minecraft:sprint_one_cm":4632623,"minecraft:damage_blocked_by_shield":3740,"minecraft:drop":117,"minecraft:talked_to_villager":15,"minecraft:play_time":1112968,"minecraft:deaths":41,"minecraft:jump":9539,"minecraft:interact_with_brewingstand":5,"minecraft:walk_on_water_one_cm":139833,"minecraft:interact_with_furnace":374,"minecraft:interact_with_cartography_table":1,"minecraft:sleep_in_bed":24,"minecraft:waystone_activated":11,"minecraft:damage_dealt":64302,"minecraft:player_kills":1,"minecraft:crouch_one_cm":40417,"minecraft:interact_with_smoker":17,"minecraft:use_cauldron":3,"minecraft:horse_one_cm":1279522,"minecraft:interact_with_smithing_table":18,"minecraft:interact_with_anvil":8,"minecraft:mob_kills":341,"minecraft:fill_cauldron":1,"minecraft:interact_with_campfire":43,"minecraft:damage_dealt_resisted":277,"minecraft:climb_one_cm":8525,"minecraft:walk_one_cm":3130325,"minecraft:damage_dealt_absorbed":152,"minecraft:sneak_time":16012,"minecraft:walk_under_water_one_cm":104270,"minecraft:boat_one_cm":17145,"minecraft:interact_with_blast_furnace":17,"minecraft:total_world_time":1112968,"minecraft:raid_trigger":1,"minecraft:time_since_rest":113375,"minecraft:damage_taken":28763,"minecraft:damage_absorbed":40,"minecraft:trigger_trapped_chest":2,"minecraft:swim_one_cm":63592,"minecraft:fly_one_cm":2272013,"minecraft:open_chest":408,"minecraft:fall_one_cm":240103},"minecraft:used":{"cfm:oak_mail_box":1,"minecraft:iron_shovel":60,"minecraft:poppy":1,"minecraft:chest":16,"minecraft:shield":106,"minecraft:iron_sword":348,"twilightforest:mangrove_chest":1,"minecraft:rotten_flesh":19,"minecraft:mutton":1,"biomesoplenty:willow_fence":15,"biomesoplenty:redwood_fence":1,"minecraft:tuff":16,"minecraft:obsidian":14,"minecraft:glass":5,"cfm:door_mat":1,"minecraft:grass_block":2,"cfm:stripped_oak_kitchen_drawer":2,"minecraft:stone_bricks":2,"minecraft:rabbit_stew":2,"biomesoplenty:jacaranda_sapling":1,"minecraft:bow":27,"minecraft:hay_block":1,"minecraft:written_book":1,"minecraft:furnace":12,"minecraft:acacia_fence":16,"minecraft:potato":60,"minecraft:diorite":9,"minecraft:oak_planks":43,"minecraft:stone_pickaxe":164,"minecraft:ender_pearl":1,"minecraft:wooden_pickaxe":35,"minecraft:golden_apple":1,"minecraft:golden_hoe":1,"minecraft:sand":1,"minecraft:mushroom_stew":1,"minecraft:blast_furnace":2,"minecraft:shears":1,"minecraft:redstone_torch":9,"waystones:waystone":2,"minecraft:bread":59,"minecraft:gravel":8,"minecraft:diamond_sword":930,"minecraft:wooden_sword":28,"minecraft:smithing_table":2,"minecraft:andesite":15,"minecraft:oak_boat":1,"minecraft:air":4,"minecraft:bone_meal":79,"minecraft:rose_bush":1,"minecraft:stone_sword":136,"minecraft:acacia_log":3,"minecraft:flint_and_steel":41,"minecraft:stone_shovel":214,"storagenetwork:kabel":16,"storagenetwork:request":2,"minecraft:stone_hoe":84,"minecraft:torch":652,"minecraft:brewing_stand":2,"minecraft:dirt":239,"minecraft:anvil":1,"minecraft:granite":27,"alexsmobs:maggot":1,"minecraft:chipped_anvil":1,"minecraft:iron_axe":426,"minecraft:oak_stairs":3,"cold_sweat:icebox":1,"minecraft:golden_carrot":8,"minecraft:beef":1,"minecraft:cooked_beef":38,"minecraft:cobbled_deepslate":204,"minecraft:acacia_planks":31,"alexsmobs:boiled_emu_egg":1,"minecraft:wheat_seeds":79,"minecraft:cooked_mutton":13,"minecraft:water_bucket":79,"storagenetwork:inventory":1,"minecraft:bundle":1,"minecraft:glass_bottle":283,"minecraft:baked_potato":50,"minecraft:cauldron":1,"minecraft:tnt":2,"minecraft:crafting_table":25,"minecraft:oak_slab":2,"minecraft:red_bed":1,"minecraft:white_bed":3,"minecraft:campfire":2,"biomesoplenty:wildflower":12,"minecraft:smoker":4,"alexsmobs:flying_fish":2,"minecraft:oak_log":40,"alexsmobs:mudskipper_bucket":3,"minecraft:diamond_pickaxe":2589,"minecraft:apple":4,"minecraft:chicken":1,"minecraft:iron_pickaxe":616,"minecraft:map":1,"minecraft:stone_axe":147,"minecraft:fishing_rod":1,"minecraft:cobblestone":419,"minecraft:potion":271,"minecraft:porkchop":1,"minecraft:cooked_porkchop":6,"minecraft:bucket":84,"minecraft:pumpkin_pie":11,"cfm:stripped_oak_cabinet":4,"minecraft:stripped_oak_log":2,"minecraft:splash_potion":1},"minecraft:killed_by":{"minecraft:creeper":1,"minecraft:pillager":1,"minecraft:ravager":2,"twilightforest:kobold":1,"minecraft:vindicator":2,"minecraft:cave_spider":1,"minecraft:witch":2,"minecraft:zombie":10,"alexsmobs:grizzly_bear":4,"minecraft:player":1,"minecraft:spider":1,"minecraft:enderman":2,"minecraft:skeleton":6},"minecraft:picked_up":{"minecraft:wheat":99,"minecraft:chainmail_boots":1,"minecraft:anvil":2,"minecraft:smithing_table":2,"artifacts:bunny_hoppers":1,"minecraft:lead":9,"minecraft:oak_stairs":1,"minecraft:potion":60,"minecraft:brewing_stand":2,"minecraft:amethyst_block":7,"minecraft:string":81,"minecraft:raw_copper":9,"minecraft:cobbled_deepslate":1167,"minecraft:rose_bush":3,"minecraft:redstone_torch":1,"minecraft:written_book":1,"minecraft:calcite":17,"minecraft:iron_pickaxe":2,"minecraft:melon_slice":39,"minecraft:furnace":7,"minecraft:stick":109,"minecraft:music_disc_blocks":1,"minecraft:torch":76,"minecraft:acacia_log":23,"minecraft:porkchop":13,"minecraft:pointed_dripstone":5,"minecraft:diorite":118,"alexsmobs:centipede_leg":5,"minecraft:rotten_flesh":163,"minecraft:light_blue_wool":3,"alexsmobs:boiled_emu_egg":1,"minecraft:obsidian":18,"minecraft:iron_bars":6,"alexsmobs:flying_fish":2,"minecraft:cobblestone":945,"minecraft:birch_log":31,"minecraft:cooked_beef":3,"minecraft:feather":3,"minecraft:lilac":9,"minecraft:andesite":59,"minecraft:brown_wool":1,"artifacts:thorn_pendant":1,"minecraft:smoker":5,"minecraft:potato":214,"minecraft:flint":13,"minecraft:tuff":136,"minecraft:smooth_sandstone_stairs":1,"minecraft:lapis_lazuli":203,"minecraft:dirt":557,"artifacts:flippers":1,"minecraft:bone":93,"minecraft:chipped_anvil":1,"minecraft:acacia_planks":10,"minecraft:bow":5,"minecraft:wheat_seeds":360,"minecraft:raw_gold":133,"twilightforest:mangrove_chest":1,"cfm:door_mat":1,"minecraft:oak_planks":28,"friendsandfoes:totem_of_freezing":1,"biomesoplenty:toadstool":1,"minecraft:cooked_porkchop":4,"minecraft:poisonous_potato":1,"minecraft:sand":38,"twilightforest:canopy_log":12,"sophisticatedbackpacks:jukebox_upgrade":1,"minecraft:grass_block":4,"minecraft:mossy_cobblestone":1,"minecraft:bundle":3,"minecraft:stripped_acacia_log":3,"minecraft:sugar":1,"biomesoplenty:willow_log":32,"minecraft:diamond":24,"waystones:waystone":2,"minecraft:blue_ice":2,"minecraft:crossbow":1,"minecraft:granite":47,"minecraft:emerald":1,"twilightforest:arctic_fur":2,"alexsmobs:maggot":2,"minecraft:oak_sapling":80,"twilightforest:torchberries":9,"sophisticatedbackpacks:gold_backpack":1,"minecraft:fishing_rod":1,"minecraft:mud":3,"minecraft:charcoal":6,"minecraft:crafting_table":12,"minecraft:chicken":1,"cfm:stripped_oak_cabinet":2,"storagenetwork:request":2,"minecraft:golden_pickaxe":1,"minecraft:leather_leggings":2,"minecraft:brown_mushroom":1,"minecraft:wooden_pickaxe":1,"friendsandfoes:totem_of_illusion":1,"biomesoplenty:jacaranda_sapling":19,"artifacts:power_glove":1,"artifacts:feral_claws":1,"minecraft:white_carpet":1,"cfm:oak_mail_box":1,"cold_sweat:thermometer":1,"minecraft:beef":39,"alexsmobs:elastic_tendon":1,"minecraft:player_head":2,"minecraft:poppy":1,"biomesoplenty:wildflower":39,"minecraft:sugar_cane":25,"minecraft:chest":12,"minecraft:birch_sapling":14,"minecraft:egg":11,"cfm:stripped_oak_kitchen_drawer":6,"minecraft:raw_iron":332,"minecraft:bowl":2,"sophisticatedbackpacks:backpack":4,"artifacts:vampiric_glove":1,"minecraft:carrot":1,"minecraft:redstone":71,"twilightforest:firefly":2,"minecraft:tnt":1,"storagenetwork:inventory":1,"minecraft:arrow":74,"biomesoplenty:jacaranda_log":34,"minecraft:golden_hoe":1,"minecraft:peony":4,"biomesoplenty:willow_sapling":10,"minecraft:hay_block":35,"artifacts:running_shoes":1,"minecraft:saddle":2,"minecraft:gold_ingot":1,"minecraft:mutton":10,"minecraft:white_wool":10,"minecraft:stripped_oak_log":20,"minecraft:golden_carrot":11,"artifacts:digging_claws":1,"minecraft:glow_ink_sac":21,"minecraft:leather":45,"alexsmobs:acacia_blossom":1,"minecraft:oak_log":327,"artifacts:superstitious_hat":1,"minecraft:gunpowder":23,"endrem:undead_soul":1,"minecraft:white_banner":3,"minecraft:cooked_mutton":4,"minecraft:apple":14,"minecraft:stone_bricks":2,"minecraft:iron_ingot":4,"artifacts:whoopee_cushion":1,"minecraft:glass_bottle":1,"minecraft:iron_sword":1,"minecraft:acacia_sapling":7,"minecraft:oak_slab":2,"artifacts:obsidian_skull":1,"minecraft:smooth_basalt":1,"minecraft:red_wool":1,"minecraft:dandelion":2,"minecraft:gravel":101,"minecraft:amethyst_shard":12,"minecraft:blast_furnace":2,"minecraft:white_bed":1,"artifacts:scarf_of_invisibility":1,"minecraft:spider_eye":13,"minecraft:leather_helmet":1,"biomesoplenty:flowering_oak_sapling":1,"minecraft:campfire":1,"minecraft:iron_helmet":1,"biomesoplenty:willow_fence":1,"minecraft:baked_potato":34,"storagenetwork:kabel":18,"minecraft:coal":294,"cold_sweat:filled_waterskin":3,"minecraft:ender_pearl":5}},"DataVersion":3465}