{"stats":{"minecraft:custom":{"minecraft:jump":89,"minecraft:time_since_rest":8932,"minecraft:leave_game":1,"minecraft:damage_dealt":30,"minecraft:crouch_one_cm":983,"minecraft:walk_on_water_one_cm":1918,"minecraft:sprint_one_cm":11910,"minecraft:play_time":8932,"minecraft:damage_taken":110,"minecraft:time_since_death":8932,"minecraft:walk_one_cm":29671,"minecraft:sneak_time":278,"minecraft:total_world_time":8932,"minecraft:walk_under_water_one_cm":1197,"minecraft:swim_one_cm":3664,"minecraft:fall_one_cm":1854,"minecraft:fly_one_cm":3355}},"DataVersion":3465}