{"stats":{"minecraft:crafted":{"minecraft:oak_planks":284,"minecraft:cobblestone_slab":6,"minecraft:stone":24,"cold_sweat:icebox":1,"minecraft:bookshelf":1,"minecraft:cooked_mutton":9,"minecraft:glass":50,"minecraft:iron_boots":3,"sophisticatedbackpacks:tank_upgrade":1,"minecraft:chest":13,"cold_sweat:waterskin":4,"minecraft:acacia_fence":18,"minecraft:water_bucket":9,"minecraft:stone_hoe":1,"minecraft:dropper":2,"minecraft:glass_bottle":33,"storagenetwork:kabel":16,"minecraft:oak_slab":6,"sophisticatedbackpacks:backpack":1,"biomesoplenty:jacaranda_planks":36,"minecraft:cauldron":1,"minecraft:cooked_porkchop":2,"minecraft:crafting_table":17,"minecraft:acacia_slab":6,"minecraft:iron_helmet":2,"minecraft:wooden_pickaxe":5,"minecraft:baked_potato":55,"minecraft:birch_planks":124,"minecraft:campfire":2,"sophisticatedbackpacks:upgrade_base":1,"minecraft:lectern":1,"minecraft:diamond_pickaxe":1,"minecraft:iron_chestplate":2,"minecraft:book":3,"minecraft:paper":9,"minecraft:charcoal":17,"minecraft:shield":3,"minecraft:stick":200,"minecraft:stone_slab":12,"minecraft:iron_ingot":217,"minecraft:iron_pickaxe":3,"minecraft:stone_sword":2,"minecraft:gold_ingot":18,"cfm:stripped_oak_kitchen_drawer":4,"minecraft:redstone_torch":8,"minecraft:shears":2,"minecraft:wooden_sword":1,"minecraft:stone_shovel":1,"minecraft:furnace":6,"minecraft:bone_meal":87,"minecraft:flint_and_steel":2,"minecraft:iron_axe":1,"minecraft:stone_pickaxe":4,"twilightforest:canopy_planks":20,"minecraft:wheat":216,"minecraft:cooked_beef":36,"minecraft:sugar":1,"minecraft:red_dye":2,"minecraft:cooked_cod":22,"minecraft:diamond_sword":1,"minecraft:iron_sword":3,"cfm:stripped_oak_cabinet":2,"minecraft:red_bed":1,"minecraft:bucket":1,"minecraft:stone_axe":1,"minecraft:bread":56,"minecraft:air":0,"cold_sweat:thermometer":1,"minecraft:oak_boat":1,"minecraft:potion":160,"minecraft:white_wool":1,"storagenetwork:inventory":2,"minecraft:fermented_spider_eye":1,"minecraft:oak_stairs":4,"minecraft:iron_shovel":1,"minecraft:iron_leggings":2,"storagenetwork:request":1,"minecraft:white_bed":3,"minecraft:acacia_planks":80,"minecraft:torch":397},"minecraft:mined":{"minecraft:brewing_stand":2,"minecraft:obsidian":19,"minecraft:granite":64,"minecraft:acacia_log":24,"minecraft:grass_block":205,"minecraft:iron_ore":164,"minecraft:cobbled_deepslate":8,"minecraft:fire":9,"minecraft:deepslate_lapis_ore":4,"minecraft:anvil":1,"biomesoplenty:hanging_cobweb":1,"minecraft:iron_bars":2,"minecraft:oak_stairs":1,"biomesoplenty:webbing":13,"minecraft:smooth_sandstone_stairs":1,"minecraft:deepslate_redstone_ore":10,"cfm:stripped_oak_cabinet":2,"minecraft:smoker":3,"biomesoplenty:wildflower":26,"storagenetwork:inventory":1,"minecraft:torch":15,"minecraft:blast_furnace":2,"storagenetwork:request":2,"minecraft:calcite":2,"minecraft:chest":11,"minecraft:glass":5,"minecraft:cobblestone":68,"minecraft:sugar_cane":11,"minecraft:oak_planks":32,"minecraft:wall_torch":38,"twilightforest:mangrove_chest":1,"minecraft:amethyst_block":5,"minecraft:seagrass":1,"minecraft:mud":1,"minecraft:birch_log":31,"minecraft:wheat":71,"minecraft:tnt":1,"minecraft:grass":264,"biomesoplenty:clover":1,"minecraft:oak_log":265,"minecraft:sand":5,"minecraft:dirt":96,"minecraft:smooth_basalt":3,"minecraft:oak_leaves":27,"minecraft:deepslate":570,"twilightforest:firefly":1,"minecraft:diamond_ore":1,"minecraft:tuff":61,"minecraft:deepslate_diamond_ore":7,"biomesoplenty:desert_grass":20,"minecraft:glow_lichen":1,"biomesoplenty:bush":4,"minecraft:rooted_dirt":1,"minecraft:hay_block":35,"biomesoplenty:jacaranda_log":6,"minecraft:furnace":5,"biomesoplenty:toadstool":1,"minecraft:andesite":105,"minecraft:peony":1,"minecraft:potatoes":24,"minecraft:deepslate_iron_ore":59,"minecraft:stripped_acacia_log":3,"minecraft:stripped_oak_log":18,"biomesoplenty:spider_egg":2,"minecraft:stone":905,"minecraft:redstone_wall_torch":1,"minecraft:smithing_table":2,"minecraft:oak_slab":2,"minecraft:dandelion":2,"minecraft:crafting_table":11,"minecraft:rose_bush":5,"minecraft:campfire":1,"minecraft:tall_grass":20,"minecraft:copper_ore":5,"minecraft:lapis_ore":23,"biomesoplenty:sprout":1,"minecraft:deepslate_gold_ore":44,"biomesoplenty:willow_log":53,"cfm:stripped_oak_kitchen_drawer":2,"twilightforest:mayapple":2,"minecraft:diorite":137,"minecraft:white_carpet":1,"minecraft:coal_ore":132,"minecraft:gravel":84,"biomesoplenty:stringy_cobweb":2,"minecraft:cobweb":8,"minecraft:cracked_stone_bricks":2,"minecraft:acacia_planks":2,"minecraft:stone_bricks":2,"storagenetwork:kabel":16,"minecraft:chipped_anvil":1,"minecraft:gold_ore":7,"minecraft:fern":5},"minecraft:killed":{"minecraft:cave_spider":2,"minecraft:witch":3,"minecraft:spider":22,"alexsmobs:alligator_snapping_turtle":1,"minecraft:skeleton":48,"minecraft:chicken":1,"minecraft:illusioner":1,"minecraft:skeleton_horse":1,"artifacts:mimic":6,"minecraft:pig":5,"alexsmobs:grizzly_bear":1,"minecraft:zombie_villager":1,"alexsmobs:mantis_shrimp":1,"minecraft:creeper":16,"twilightforest:skeleton_druid":10,"minecraft:sheep":6,"minecraft:pillager":11,"minecraft:zombie":85,"minecraft:cow":17,"twilightforest:winter_wolf":1,"twilightforest:swarm_spider":2,"twilightforest:hedge_spider":15,"alexsmobs:flying_fish":1,"friendsandfoes:iceologer":1,"twilightforest:kobold":3,"minecraft:wandering_trader":2,"minecraft:ravager":1,"twilightforest:bighorn_sheep":1,"minecraft:enderman":10},"minecraft:picked_up":{"minecraft:wheat":98,"minecraft:chainmail_boots":1,"minecraft:anvil":1,"artifacts:bunny_hoppers":1,"minecraft:smithing_table":2,"minecraft:lead":9,"minecraft:oak_stairs":1,"minecraft:potion":35,"minecraft:brewing_stand":2,"minecraft:string":70,"minecraft:raw_copper":9,"minecraft:cobbled_deepslate":592,"minecraft:rose_bush":3,"minecraft:redstone_torch":1,"minecraft:written_book":1,"minecraft:calcite":3,"minecraft:iron_pickaxe":1,"minecraft:melon_slice":39,"minecraft:furnace":4,"minecraft:stick":87,"minecraft:music_disc_blocks":1,"minecraft:torch":68,"minecraft:acacia_log":23,"minecraft:porkchop":13,"minecraft:pointed_dripstone":2,"minecraft:diorite":118,"minecraft:rotten_flesh":121,"minecraft:light_blue_wool":3,"alexsmobs:boiled_emu_egg":1,"minecraft:obsidian":18,"minecraft:iron_bars":6,"alexsmobs:flying_fish":2,"minecraft:cobblestone":942,"minecraft:birch_log":31,"minecraft:cooked_beef":3,"minecraft:feather":3,"minecraft:lilac":9,"minecraft:andesite":59,"minecraft:brown_wool":1,"minecraft:smooth_sandstone_stairs":1,"artifacts:thorn_pendant":1,"minecraft:smoker":3,"minecraft:potato":159,"minecraft:flint":8,"minecraft:tuff":50,"minecraft:lapis_lazuli":203,"minecraft:dirt":557,"minecraft:bone":70,"minecraft:chipped_anvil":1,"minecraft:acacia_planks":10,"minecraft:bow":4,"minecraft:wheat_seeds":357,"minecraft:raw_gold":52,"twilightforest:mangrove_chest":1,"minecraft:oak_planks":28,"friendsandfoes:totem_of_freezing":1,"biomesoplenty:toadstool":1,"minecraft:cooked_porkchop":4,"minecraft:poisonous_potato":1,"minecraft:sand":1,"twilightforest:canopy_log":12,"sophisticatedbackpacks:jukebox_upgrade":1,"minecraft:grass_block":4,"minecraft:bundle":3,"minecraft:stripped_acacia_log":3,"minecraft:sugar":1,"biomesoplenty:willow_log":32,"minecraft:diamond":5,"waystones:waystone":2,"minecraft:blue_ice":2,"minecraft:crossbow":1,"minecraft:granite":47,"minecraft:emerald":1,"twilightforest:arctic_fur":2,"alexsmobs:maggot":2,"minecraft:oak_sapling":79,"twilightforest:torchberries":9,"minecraft:fishing_rod":1,"minecraft:charcoal":2,"sophisticatedbackpacks:gold_backpack":1,"minecraft:mud":3,"minecraft:crafting_table":11,"storagenetwork:request":2,"minecraft:chicken":1,"cfm:stripped_oak_cabinet":2,"minecraft:golden_pickaxe":1,"minecraft:leather_leggings":2,"minecraft:brown_mushroom":1,"friendsandfoes:totem_of_illusion":1,"minecraft:wooden_pickaxe":1,"biomesoplenty:jacaranda_sapling":19,"cfm:oak_mail_box":1,"minecraft:white_carpet":1,"cold_sweat:thermometer":1,"minecraft:beef":39,"minecraft:player_head":2,"minecraft:poppy":1,"minecraft:birch_sapling":14,"biomesoplenty:wildflower":39,"minecraft:sugar_cane":25,"minecraft:chest":12,"minecraft:egg":11,"cfm:stripped_oak_kitchen_drawer":6,"minecraft:raw_iron":242,"minecraft:bowl":2,"sophisticatedbackpacks:backpack":3,"artifacts:vampiric_glove":1,"minecraft:carrot":1,"minecraft:redstone":48,"twilightforest:firefly":2,"minecraft:tnt":1,"storagenetwork:inventory":1,"minecraft:arrow":53,"biomesoplenty:jacaranda_log":34,"biomesoplenty:willow_sapling":10,"minecraft:peony":4,"minecraft:golden_hoe":1,"minecraft:hay_block":35,"minecraft:saddle":2,"minecraft:gold_ingot":1,"minecraft:mutton":10,"minecraft:white_wool":10,"minecraft:stripped_oak_log":20,"minecraft:golden_carrot":11,"artifacts:digging_claws":1,"minecraft:glow_ink_sac":21,"minecraft:leather":45,"alexsmobs:acacia_blossom":1,"minecraft:oak_log":327,"minecraft:gunpowder":18,"endrem:undead_soul":1,"minecraft:white_banner":3,"minecraft:cooked_mutton":4,"minecraft:apple":14,"minecraft:stone_bricks":2,"artifacts:whoopee_cushion":1,"minecraft:iron_ingot":3,"minecraft:glass_bottle":1,"minecraft:iron_sword":1,"minecraft:acacia_sapling":7,"minecraft:oak_slab":2,"artifacts:obsidian_skull":1,"minecraft:dandelion":2,"minecraft:gravel":84,"minecraft:blast_furnace":2,"minecraft:white_bed":1,"artifacts:scarf_of_invisibility":1,"minecraft:spider_eye":12,"minecraft:leather_helmet":1,"biomesoplenty:flowering_oak_sapling":1,"minecraft:campfire":1,"minecraft:iron_helmet":1,"minecraft:baked_potato":34,"storagenetwork:kabel":18,"minecraft:coal":268,"cold_sweat:filled_waterskin":3,"minecraft:ender_pearl":5},"minecraft:killed_by":{"minecraft:creeper":1,"minecraft:pillager":1,"minecraft:ravager":2,"twilightforest:kobold":1,"minecraft:vindicator":2,"minecraft:cave_spider":1,"minecraft:witch":2,"minecraft:zombie":10,"alexsmobs:grizzly_bear":4,"minecraft:player":1,"minecraft:spider":1,"minecraft:enderman":2,"minecraft:skeleton":6},"minecraft:used":{"cfm:oak_mail_box":1,"minecraft:iron_shovel":47,"minecraft:poppy":1,"minecraft:chest":16,"minecraft:shield":91,"minecraft:iron_sword":348,"twilightforest:mangrove_chest":1,"minecraft:rotten_flesh":19,"minecraft:mutton":1,"minecraft:tuff":15,"minecraft:obsidian":14,"minecraft:glass":5,"minecraft:grass_block":2,"cfm:stripped_oak_kitchen_drawer":2,"minecraft:stone_bricks":2,"minecraft:rabbit_stew":2,"biomesoplenty:jacaranda_sapling":1,"minecraft:bow":20,"minecraft:hay_block":1,"minecraft:written_book":1,"minecraft:furnace":9,"minecraft:acacia_fence":16,"minecraft:potato":60,"minecraft:diorite":9,"minecraft:oak_planks":43,"minecraft:stone_pickaxe":164,"minecraft:ender_pearl":1,"minecraft:wooden_pickaxe":35,"minecraft:golden_apple":1,"minecraft:golden_hoe":1,"minecraft:sand":1,"minecraft:mushroom_stew":1,"minecraft:blast_furnace":2,"minecraft:shears":1,"minecraft:redstone_torch":9,"waystones:waystone":2,"minecraft:bread":58,"minecraft:wooden_sword":28,"minecraft:diamond_sword":763,"minecraft:smithing_table":2,"minecraft:andesite":15,"minecraft:oak_boat":1,"minecraft:air":4,"minecraft:bone_meal":79,"minecraft:rose_bush":1,"minecraft:acacia_log":3,"minecraft:stone_sword":136,"minecraft:flint_and_steel":41,"minecraft:stone_shovel":214,"storagenetwork:request":2,"storagenetwork:kabel":16,"minecraft:stone_hoe":84,"minecraft:torch":393,"minecraft:brewing_stand":2,"minecraft:dirt":239,"minecraft:granite":27,"alexsmobs:maggot":1,"minecraft:chipped_anvil":1,"minecraft:iron_axe":425,"minecraft:oak_stairs":3,"cold_sweat:icebox":1,"minecraft:beef":1,"minecraft:cooked_beef":24,"minecraft:cobbled_deepslate":109,"minecraft:acacia_planks":31,"alexsmobs:boiled_emu_egg":1,"minecraft:wheat_seeds":79,"minecraft:cooked_mutton":13,"minecraft:water_bucket":68,"storagenetwork:inventory":1,"minecraft:bundle":1,"minecraft:glass_bottle":226,"minecraft:baked_potato":50,"minecraft:cauldron":1,"minecraft:oak_slab":2,"minecraft:tnt":2,"minecraft:crafting_table":23,"minecraft:red_bed":1,"minecraft:white_bed":3,"minecraft:campfire":2,"biomesoplenty:wildflower":12,"minecraft:smoker":3,"alexsmobs:flying_fish":2,"minecraft:oak_log":40,"minecraft:diamond_pickaxe":1898,"minecraft:apple":4,"minecraft:chicken":1,"minecraft:iron_pickaxe":467,"minecraft:stone_axe":147,"minecraft:fishing_rod":1,"minecraft:cobblestone":391,"minecraft:potion":222,"minecraft:porkchop":1,"minecraft:cooked_porkchop":6,"minecraft:bucket":69,"minecraft:pumpkin_pie":11,"cfm:stripped_oak_cabinet":4,"minecraft:stripped_oak_log":2,"minecraft:splash_potion":1},"minecraft:broken":{"minecraft:iron_boots":2,"minecraft:diamond_pickaxe":1,"minecraft:iron_sword":1,"minecraft:fishing_rod":1,"minecraft:stone_shovel":1,"minecraft:shield":1,"minecraft:iron_axe":1,"minecraft:iron_pickaxe":1,"minecraft:iron_helmet":3},"minecraft:custom":{"minecraft:animals_bred":33,"minecraft:interact_with_crafting_table":167,"minecraft:open_barrel":25,"minecraft:leave_game":6,"minecraft:time_since_death":111053,"minecraft:sprint_one_cm":4070876,"minecraft:damage_blocked_by_shield":3200,"minecraft:drop":104,"minecraft:talked_to_villager":15,"minecraft:play_time":966555,"minecraft:deaths":41,"minecraft:jump":8335,"minecraft:interact_with_brewingstand":5,"minecraft:walk_on_water_one_cm":126093,"minecraft:interact_with_furnace":332,"minecraft:interact_with_cartography_table":1,"minecraft:sleep_in_bed":21,"minecraft:waystone_activated":11,"minecraft:damage_dealt":55158,"minecraft:player_kills":1,"minecraft:crouch_one_cm":35406,"minecraft:interact_with_smoker":15,"minecraft:use_cauldron":3,"minecraft:horse_one_cm":1279522,"minecraft:interact_with_smithing_table":16,"minecraft:interact_with_anvil":3,"minecraft:mob_kills":288,"minecraft:fill_cauldron":1,"minecraft:interact_with_campfire":22,"minecraft:damage_dealt_resisted":277,"minecraft:climb_one_cm":8525,"minecraft:walk_one_cm":2781930,"minecraft:damage_dealt_absorbed":152,"minecraft:sneak_time":14323,"minecraft:walk_under_water_one_cm":99920,"minecraft:boat_one_cm":17145,"minecraft:interact_with_blast_furnace":14,"minecraft:total_world_time":966555,"minecraft:raid_trigger":1,"minecraft:time_since_rest":7913,"minecraft:damage_taken":25489,"minecraft:damage_absorbed":40,"minecraft:trigger_trapped_chest":2,"minecraft:swim_one_cm":63592,"minecraft:fly_one_cm":2116952,"minecraft:open_chest":363,"minecraft:fall_one_cm":218011},"minecraft:dropped":{"minecraft:iron_sword":2,"minecraft:oak_log":152,"minecraft:baked_potato":39,"minecraft:glass_bottle":3,"minecraft:diamond":1,"minecraft:cooked_porkchop":1,"minecraft:leather":18,"minecraft:dirt":3,"minecraft:mutton":1,"minecraft:sugar":1,"minecraft:iron_pickaxe":1,"minecraft:white_wool":1,"minecraft:gravel":8,"biomesoplenty:toadstool":1,"minecraft:cobbled_deepslate":20,"minecraft:wheat":1,"minecraft:birch_sapling":7,"minecraft:rotten_flesh":3,"biomesoplenty:wildflower":3,"minecraft:acacia_sapling":2,"minecraft:chainmail_boots":1,"minecraft:iron_bars":4,"minecraft:campfire":1,"minecraft:egg":1,"minecraft:wheat_seeds":108,"minecraft:cobblestone":5,"minecraft:lead":3,"artifacts:whoopee_cushion":1,"minecraft:granite":13,"biomesoplenty:jacaranda_planks":4,"minecraft:stick":4,"biomesoplenty:jacaranda_log":6,"minecraft:diorite":4,"minecraft:light_blue_wool":3,"minecraft:potion":10,"minecraft:iron_leggings":1,"twilightforest:canopy_planks":1,"minecraft:golden_hoe":1,"minecraft:mud":1,"cold_sweat:thermometer":1,"minecraft:acacia_planks":6,"artifacts:bunny_hoppers":1,"minecraft:player_head":1,"minecraft:stone_sword":1,"minecraft:bowl":1,"cold_sweat:filled_waterskin":1,"minecraft:iron_boots":1,"sophisticatedbackpacks:backpack":2,"minecraft:stripped_oak_log":4,"minecraft:shield":1,"minecraft:bundle":2,"minecraft:iron_chestplate":1,"minecraft:andesite":3,"minecraft:oak_sapling":8,"storagenetwork:kabel":2,"minecraft:bow":2,"minecraft:wooden_pickaxe":2}},"DataVersion":3465}