{
  "repurposed_structures:root": {
    "criteria": {
      "always": "2024-05-10 23:42:58 -0300"
    },
    "done": true
  },
  "minecraft:recipes/decorations/crafting_table": {
    "criteria": {
      "unlock_right_away": "2024-05-10 23:42:58 -0300"
    },
    "done": true
  },
  "cataclysm:root": {
    "criteria": {
      "custom_test_name": "2024-05-10 23:42:58 -0300"
    },
    "done": true
  },
  "dungeons_arise:wda_root": {
    "criteria": {
      "WDA": "2024-05-10 23:42:58 -0300"
    },
    "done": true
  },
  "the_bumblezone:root": {
    "criteria": {
      "instant_granted": "2024-05-10 23:42:58 -0300"
    },
    "done": true
  },
  "the_bumblezone:wiki": {
    "criteria": {
      "instant_granted": "2024-05-10 23:42:58 -0300"
    },
    "done": true
  },
  "DataVersion": 3465
}